train_loss_step,epoch,step,train_loss_epoch,train_accuracy
0.7130169868469238,0,0,,
0.6952841877937317,0,1,,
0.6845978498458862,0,2,,
0.7470036745071411,0,3,,
0.676859974861145,0,4,,
0.7070344686508179,0,5,,
0.708911120891571,0,6,,
0.6866462230682373,0,7,,
0.6813209652900696,0,8,,
0.7196627259254456,0,9,,
0.6903965473175049,0,10,,
0.6838551759719849,0,11,,
0.673072099685669,0,12,,
0.7090059518814087,0,13,,
0.6915006637573242,0,14,,
0.7127572298049927,0,15,,
0.693997859954834,0,16,,
0.6883590221405029,0,17,,
0.7201100587844849,0,18,,
0.6866419315338135,0,19,,
0.7038335800170898,0,20,,
0.7192057371139526,0,21,,
0.6904236078262329,0,22,,
0.7026152610778809,0,23,,
0.6830525398254395,0,24,,
0.7004227042198181,0,25,,
0.704163670539856,0,26,,
0.6997613310813904,0,27,,
0.6999590992927551,0,28,,
0.6826618909835815,0,29,,
0.6917539238929749,0,30,,
0.6821837425231934,0,31,,
0.6865553259849548,0,32,,
0.7171032428741455,0,33,,
0.6841816306114197,0,34,,
0.6748594045639038,0,35,,
0.7168134450912476,0,36,,
0.7138254642486572,0,37,,
0.6874829530715942,0,38,,
0.703499436378479,0,39,,
0.6812745928764343,0,40,,
0.7039884328842163,0,41,,
0.6876741647720337,0,42,,
0.7011438608169556,0,43,,
0.7004590034484863,0,44,,
0.6911516785621643,0,45,,
0.6851246356964111,0,46,,
0.7013661861419678,0,47,,
0.7004798650741577,0,48,,
0.6869956254959106,0,49,,
0.6862366199493408,0,50,,
0.7050057649612427,0,51,,
0.7003120183944702,0,52,,
0.6859433650970459,0,53,,
0.699529230594635,0,54,,
0.6875786781311035,0,55,,
0.7014078497886658,0,56,,
0.6872023344039917,0,57,,
0.6851667761802673,0,58,,
0.6854886412620544,0,59,,
0.7028968334197998,0,60,,
0.7014522552490234,0,61,,
0.7012247443199158,0,62,,
0.6993138194084167,0,63,,
0.6887637376785278,0,64,,
0.6878005266189575,0,65,,
0.6996656656265259,0,66,,
0.6994016170501709,0,67,,
0.6883421540260315,0,68,,
0.6975771188735962,0,69,,
0.6884295344352722,0,70,,
0.6846588850021362,0,71,,
0.6996292471885681,0,72,,
0.6989715099334717,0,73,,
0.6971664428710938,0,74,,
0.6900407075881958,0,75,,
0.6985310316085815,0,76,,
0.6953842639923096,0,77,,
0.69657301902771,0,78,,
0.6942981481552124,0,79,,
0.6938657164573669,0,80,,
0.695621907711029,0,81,,
0.6917863488197327,0,82,,
0.6959741115570068,0,83,,
0.693902850151062,0,84,,
0.6930436491966248,0,85,,
0.6941903233528137,0,86,,
0.6938733458518982,0,87,,
0.6939533352851868,0,88,,
0.6932594180107117,0,89,,
0.6919468641281128,0,90,,
0.6954785585403442,0,91,,
0.6916742324829102,0,92,,
0.6954753994941711,0,93,,
0.6947750449180603,0,94,,
0.6952210664749146,0,95,,
0.6922339797019958,0,96,,
0.6957736015319824,0,97,,
0.6939085721969604,0,98,,
0.6921362280845642,0,99,,
0.6913850903511047,0,100,,
0.6908221244812012,0,101,,
0.68861985206604,0,102,,
0.6873669624328613,0,103,,
0.6861675381660461,0,104,,
0.6849517822265625,0,105,,
0.7028264999389648,0,106,,
0.6859433650970459,0,107,,
0.7023752927780151,0,108,,
0.6850923299789429,0,109,,
0.6848521828651428,0,110,,
0.6827576160430908,0,111,,
0.682462215423584,0,112,,
0.7065140008926392,0,113,,
0.705073356628418,0,114,,
0.7033432722091675,0,115,,
0.702082633972168,0,116,,
0.700802206993103,0,117,,
0.6992449760437012,0,118,,
0.688145101070404,0,119,,
0.6870607137680054,0,120,,
0.6871926784515381,0,121,,
0.6843456029891968,0,122,,
0.7036405205726624,0,123,,
0.6844303607940674,0,124,,
0.7030017971992493,0,125,,
0.6857026219367981,0,126,,
0.6823114156723022,0,127,,
0.7052875757217407,0,128,,
0.7033573389053345,0,129,,
0.684157133102417,0,130,,
0.7031184434890747,0,131,,
0.6844421029090881,0,132,,
0.7035794258117676,0,133,,
0.682259202003479,0,134,,
0.6826162934303284,0,135,,
0.6775974631309509,0,136,,
0.7022789716720581,0,137,,
0.6846575736999512,0,138,,
0.6800844669342041,0,139,,
0.6799827218055725,0,140,,
0.7124929428100586,0,141,,
0.7068390846252441,0,142,,
0.7046429514884949,0,143,,
0.6761796474456787,0,144,,
0.705309271812439,0,145,,
0.6825574636459351,0,146,,
0.6799620389938354,0,147,,
0.7069326639175415,0,148,,
0.6803367137908936,0,149,,
0.7068958282470703,0,150,,
0.6808969378471375,0,151,,
0.7060083746910095,0,152,,
0.7071322202682495,0,153,,
0.7025582790374756,0,154,,
0.7054194211959839,0,155,,
0.7014074325561523,0,156,,
0.7009977102279663,0,157,,
0.6976039409637451,0,158,,
0.6889790892601013,0,159,,
0.6866918206214905,0,160,,
0.7004538774490356,0,161,,
0.6850707530975342,0,162,,
0.6860185861587524,0,163,,
0.7033510208129883,0,164,,
0.6834750771522522,0,165,,
0.684296190738678,0,166,,
0.6844054460525513,0,167,,
0.6831464171409607,0,168,,
0.7081269025802612,0,169,,
0.7030615210533142,0,170,,
0.6840760707855225,0,171,,
0.7002787590026855,0,172,,
0.7009761333465576,0,173,,
0.6985591650009155,0,174,,
0.694155216217041,0,175,,
0.6890075206756592,0,176,,
0.7003089189529419,0,177,,
0.6974762678146362,0,178,,
0.701414167881012,0,179,,
0.6816030740737915,0,180,,
0.6814661622047424,0,181,,
0.6980761289596558,0,182,,
0.6844512224197388,0,183,,
0.7007203102111816,0,184,,
0.6962710618972778,0,185,,
0.6974998712539673,0,186,,
0.6929469108581543,0,187,,
0.7043277025222778,0,188,,
0.6974202394485474,0,189,,
0.6987545490264893,0,190,,
0.6966776251792908,0,191,,
0.6910020112991333,0,192,,
0.6953166127204895,0,193,,
0.6890376806259155,0,194,,
0.6881837844848633,0,195,,
0.6813775300979614,0,196,,
0.687887966632843,0,197,,
0.6846950054168701,0,198,,
0.702563464641571,0,199,,
,0,199,0.6944792866706848,0.4650000035762787
0.7010732889175415,1,200,,
0.6992356777191162,1,201,,
0.6995536088943481,1,202,,
0.6873818635940552,1,203,,
0.6873416304588318,1,204,,
0.6998977065086365,1,205,,
0.6990856528282166,1,206,,
0.6976423263549805,1,207,,
0.6964194178581238,1,208,,
0.6910938024520874,1,209,,
0.6898888349533081,1,210,,
0.6885770559310913,1,211,,
0.6884478330612183,1,212,,
0.7004231214523315,1,213,,
0.6973464488983154,1,214,,
0.685311496257782,1,215,,
0.6965498924255371,1,216,,
0.6978480815887451,1,217,,
0.6890556812286377,1,218,,
0.6949448585510254,1,219,,
0.6765846610069275,1,220,,
0.6711238622665405,1,221,,
0.6576836109161377,1,222,,
0.7592238783836365,1,223,,
0.671675443649292,1,224,,
0.714255690574646,1,225,,
0.7191157341003418,1,226,,
0.7010650634765625,1,227,,
0.6867436170578003,1,228,,
0.6688598990440369,1,229,,
0.6891393065452576,1,230,,
0.6664403676986694,1,231,,
0.7066265344619751,1,232,,
0.7162222862243652,1,233,,
0.6879795789718628,1,234,,
0.6885095834732056,1,235,,
0.7097322940826416,1,236,,
0.7002375721931458,1,237,,
0.6879026293754578,1,238,,
0.6994931697845459,1,239,,
0.6798305511474609,1,240,,
0.709355354309082,1,241,,
0.6881387829780579,1,242,,
0.7073019742965698,1,243,,
0.6980030536651611,1,244,,
0.689440131187439,1,245,,
0.6878906488418579,1,246,,
0.7058358192443848,1,247,,
0.698190450668335,1,248,,
0.689452052116394,1,249,,
0.6879390478134155,1,250,,
0.6995514631271362,1,251,,
0.6982025504112244,1,252,,
0.6886138319969177,1,253,,
0.697730541229248,1,254,,
0.6871457099914551,1,255,,
0.6982957124710083,1,256,,
0.6895363330841064,1,257,,
0.6870173215866089,1,258,,
0.6869398355484009,1,259,,
0.6997389793395996,1,260,,
0.6992945671081543,1,261,,
0.6985487937927246,1,262,,
0.6960724592208862,1,263,,
0.6834902763366699,1,264,,
0.6793015003204346,1,265,,
0.7033296227455139,1,266,,
0.6947396993637085,1,267,,
0.6892305612564087,1,268,,
0.6858899593353271,1,269,,
0.6471701860427856,1,270,,
0.6364324688911438,1,271,,
0.7215479612350464,1,272,,
0.6974061727523804,1,273,,
0.7648608088493347,1,274,,
0.707011342048645,1,275,,
0.6864256858825684,1,276,,
0.6943238377571106,1,277,,
0.683509349822998,1,278,,
0.6811666488647461,1,279,,
0.6959346532821655,1,280,,
0.6777511835098267,1,281,,
0.6751803755760193,1,282,,
0.6967735290527344,1,283,,
0.709426760673523,1,284,,
0.707504153251648,1,285,,
0.6965044140815735,1,286,,
0.7057191133499146,1,287,,
0.6959960460662842,1,288,,
0.6947776675224304,1,289,,
0.6933413743972778,1,290,,
0.6820425987243652,1,291,,
0.6893677711486816,1,292,,
0.6835727691650391,1,293,,
0.6943129301071167,1,294,,
0.6801616549491882,1,295,,
0.6754004955291748,1,296,,
0.6638008952140808,1,297,,
0.7426819801330566,1,298,,
0.691081702709198,1,299,,
0.7180063724517822,1,300,,
0.6689858436584473,1,301,,
0.7018951773643494,1,302,,
0.6573857665061951,1,303,,
0.6886723041534424,1,304,,
0.711063027381897,1,305,,
0.694526195526123,1,306,,
0.6593261361122131,1,307,,
0.7370383739471436,1,308,,
0.6813615560531616,1,309,,
0.6415655612945557,1,310,,
0.7089793682098389,1,311,,
0.6814817786216736,1,312,,
0.7171837687492371,1,313,,
0.703860878944397,1,314,,
0.7017571926116943,1,315,,
0.698272168636322,1,316,,
0.6978354454040527,1,317,,
0.6934241056442261,1,318,,
0.6898311376571655,1,319,,
0.6660124659538269,1,320,,
0.6717305779457092,1,321,,
0.6919773817062378,1,322,,
0.6986033916473389,1,323,,
0.6181745529174805,1,324,,
0.6867114901542664,1,325,,
0.6867561340332031,1,326,,
0.717903196811676,1,327,,
0.6950982809066772,1,328,,
0.6641243696212769,1,329,,
0.7385634183883667,1,330,,
0.7057337760925293,1,331,,
0.6665850877761841,1,332,,
0.6707183122634888,1,333,,
0.6276294589042664,1,334,,
0.754625678062439,1,335,,
0.6775718927383423,1,336,,
0.666754961013794,1,337,,
0.7133313417434692,1,338,,
0.6822710037231445,1,339,,
0.681348443031311,1,340,,
0.7039194107055664,1,341,,
0.7014474868774414,1,342,,
0.6927198767662048,1,343,,
0.6517187356948853,1,344,,
0.6655324697494507,1,345,,
0.7245993614196777,1,346,,
0.610917329788208,1,347,,
0.7700302004814148,1,348,,
0.6830577850341797,1,349,,
0.7024356126785278,1,350,,
0.6810911893844604,1,351,,
0.6821417808532715,1,352,,
0.6448048949241638,1,353,,
0.5961940884590149,1,354,,
0.7860186696052551,1,355,,
0.7409040927886963,1,356,,
0.6985892057418823,1,357,,
0.5876822471618652,1,358,,
0.6879991292953491,1,359,,
0.847649097442627,1,360,,
0.6946017742156982,1,361,,
0.6812757253646851,1,362,,
0.6875098943710327,1,363,,
0.6580604910850525,1,364,,
0.6712868809700012,1,365,,
0.6853871941566467,1,366,,
0.7194072008132935,1,367,,
0.6858823299407959,1,368,,
0.7001324892044067,1,369,,
0.7029983997344971,1,370,,
0.6638213396072388,1,371,,
0.6829338073730469,1,372,,
0.6960889101028442,1,373,,
0.6174476146697998,1,374,,
0.5067870020866394,1,375,,
0.8596624135971069,1,376,,
0.7929219007492065,1,377,,
0.8249396085739136,1,378,,
0.6973076462745667,1,379,,
0.7049555778503418,1,380,,
0.6369452476501465,1,381,,
0.6279364228248596,1,382,,
0.5691061615943909,1,383,,
0.8792877793312073,1,384,,
0.6797765493392944,1,385,,
0.7007436752319336,1,386,,
0.6760753393173218,1,387,,
0.7051373720169067,1,388,,
0.6981009244918823,1,389,,
0.690359354019165,1,390,,
0.6863914132118225,1,391,,
0.6654448509216309,1,392,,
0.6519166827201843,1,393,,
0.6384873390197754,1,394,,
0.6292175054550171,1,395,,
0.5762220621109009,1,396,,
0.6935685873031616,1,397,,
0.7428977489471436,1,398,,
0.7381450533866882,1,399,,
,1,399,0.6912713646888733,0.5149999856948853
0.693440854549408,2,400,,
0.6915253400802612,2,401,,
0.686008095741272,2,402,,
0.6751348972320557,2,403,,
0.6882191896438599,2,404,,
0.7339991331100464,2,405,,
0.6435874700546265,2,406,,
0.7492954730987549,2,407,,
0.6774451732635498,2,408,,
0.6714358329772949,2,409,,
0.6648462414741516,2,410,,
0.6531327962875366,2,411,,
0.6032930612564087,2,412,,
0.7630739808082581,2,413,,
0.6933929324150085,2,414,,
0.6142168641090393,2,415,,
0.7934752702713013,2,416,,
0.6960526704788208,2,417,,
0.6908923387527466,2,418,,
0.6033838987350464,2,419,,
0.579329252243042,2,420,,
0.5144152641296387,2,421,,
0.4280124306678772,2,422,,
0.6986734867095947,2,423,,
0.2959868907928467,2,424,,
0.5895661115646362,2,425,,
0.5723568201065063,2,426,,
1.3749265670776367,2,427,,
0.3858935832977295,2,428,,
0.6114230155944824,2,429,,
1.130706787109375,2,430,,
0.596835732460022,2,431,,
0.9866582155227661,2,432,,
0.6914649605751038,2,433,,
0.6135015487670898,2,434,,
0.632257342338562,2,435,,
0.7043133974075317,2,436,,
0.842971682548523,2,437,,
0.671794056892395,2,438,,
0.684421181678772,2,439,,
0.6925768852233887,2,440,,
0.5921769142150879,2,441,,
0.7248923778533936,2,442,,
0.5692384243011475,2,443,,
0.7176522016525269,2,444,,
0.6024911403656006,2,445,,
0.856971800327301,2,446,,
0.6591134071350098,2,447,,
0.6743453145027161,2,448,,
0.5286022424697876,2,449,,
0.6749374270439148,2,450,,
0.8872052431106567,2,451,,
0.6775257587432861,2,452,,
0.718370258808136,2,453,,
0.5960166454315186,2,454,,
0.779244601726532,2,455,,
0.5833116769790649,2,456,,
0.6237521767616272,2,457,,
0.6010088920593262,2,458,,
0.668857216835022,2,459,,
0.6750127077102661,2,460,,
0.5944633483886719,2,461,,
0.7243574857711792,2,462,,
0.6944634318351746,2,463,,
1.2233822345733643,2,464,,
0.5281928777694702,2,465,,
0.7922709584236145,2,466,,
0.7133808732032776,2,467,,
0.5807034969329834,2,468,,
0.5391157865524292,2,469,,
0.6929747462272644,2,470,,
0.4641192555427551,2,471,,
0.4810643792152405,2,472,,
0.37258708477020264,2,473,,
1.2448956966400146,2,474,,
0.6891689896583557,2,475,,
0.6412584185600281,2,476,,
0.6216332316398621,2,477,,
0.36242538690567017,2,478,,
0.4685571789741516,2,479,,
0.7082314491271973,2,480,,
0.7300022840499878,2,481,,
0.5563094615936279,2,482,,
0.18293121457099915,2,483,,
0.9370307326316833,2,484,,
0.8144373893737793,2,485,,
1.8003485202789307,2,486,,
0.6357347965240479,2,487,,
0.6566780805587769,2,488,,
0.5631825923919678,2,489,,
0.4005388617515564,2,490,,
0.747774064540863,2,491,,
1.661712408065796,2,492,,
0.6946802735328674,2,493,,
0.674867570400238,2,494,,
0.6507720947265625,2,495,,
0.6226467490196228,2,496,,
0.8414561152458191,2,497,,
0.6699857711791992,2,498,,
0.570921003818512,2,499,,
0.6891191601753235,2,500,,
0.5700838565826416,2,501,,
0.6400979161262512,2,502,,
0.5062927007675171,2,503,,
0.528026819229126,2,504,,
0.4810962677001953,2,505,,
1.197691798210144,2,506,,
0.5275068283081055,2,507,,
0.7032129764556885,2,508,,
0.455406129360199,2,509,,
0.569203794002533,2,510,,
0.7343965172767639,2,511,,
0.2753629684448242,2,512,,
0.865939736366272,2,513,,
0.6621149778366089,2,514,,
0.5745685696601868,2,515,,
0.6995956897735596,2,516,,
0.5794315338134766,2,517,,
0.5263851284980774,2,518,,
0.5746930837631226,2,519,,
0.8746264576911926,2,520,,
0.37829673290252686,2,521,,
0.3672536611557007,2,522,,
1.0973111391067505,2,523,,
0.3029380440711975,2,524,,
1.0055890083312988,2,525,,
0.5783951282501221,2,526,,
0.47821536660194397,2,527,,
0.29866769909858704,2,528,,
0.22965091466903687,2,529,,
0.4572802186012268,2,530,,
0.8470626473426819,2,531,,
0.5637913942337036,2,532,,
0.3827093243598938,2,533,,
0.6042449474334717,2,534,,
0.30742812156677246,2,535,,
0.3841727375984192,2,536,,
0.4371589720249176,2,537,,
0.7508753538131714,2,538,,
0.26548701524734497,2,539,,
0.456654816865921,2,540,,
0.9597102403640747,2,541,,
0.8080340623855591,2,542,,
0.5637129545211792,2,543,,
0.6925956010818481,2,544,,
0.4923638105392456,2,545,,
0.6580383777618408,2,546,,
0.5595048069953918,2,547,,
0.3906060457229614,2,548,,
0.6226037740707397,2,549,,
0.17267656326293945,2,550,,
0.25880810618400574,2,551,,
0.528631329536438,2,552,,
0.4790080189704895,2,553,,
0.4761301875114441,2,554,,
0.16212210059165955,2,555,,
0.6660059690475464,2,556,,
0.340146005153656,2,557,,
0.037469230592250824,2,558,,
2.1865668296813965,2,559,,
0.6820119619369507,2,560,,
0.6928819417953491,2,561,,
0.19358347356319427,2,562,,
0.18508340418338776,2,563,,
0.04789705574512482,2,564,,
0.2049330323934555,2,565,,
0.20838113129138947,2,566,,
0.0915069431066513,2,567,,
0.041134871542453766,2,568,,
0.8510773181915283,2,569,,
0.43424803018569946,2,570,,
0.05693470314145088,2,571,,
0.6752204895019531,2,572,,
0.18652135133743286,2,573,,
0.034143805503845215,2,574,,
0.20030081272125244,2,575,,
0.32076889276504517,2,576,,
1.38463294506073,2,577,,
0.3032277226448059,2,578,,
0.7463824152946472,2,579,,
1.1120710372924805,2,580,,
0.287858247756958,2,581,,
1.0709105730056763,2,582,,
0.7892659902572632,2,583,,
1.1849802732467651,2,584,,
0.16953592002391815,2,585,,
0.7088667750358582,2,586,,
0.377041220664978,2,587,,
0.9675778150558472,2,588,,
0.23272888362407684,2,589,,
0.058861225843429565,2,590,,
0.398734986782074,2,591,,
0.6051031351089478,2,592,,
1.7245519161224365,2,593,,
1.6877427101135254,2,594,,
0.4168511927127838,2,595,,
0.18639755249023438,2,596,,
0.6714360117912292,2,597,,
0.7618855237960815,2,598,,
0.7583357095718384,2,599,,
,2,599,0.6256915330886841,0.7049999833106995
0.5503171682357788,3,600,,
0.5236339569091797,3,601,,
0.17778891324996948,3,602,,
0.8311073184013367,3,603,,
0.2690168023109436,3,604,,
0.5089800357818604,3,605,,
0.3374928832054138,3,606,,
0.7446783781051636,3,607,,
0.06755954027175903,3,608,,
0.444707453250885,3,609,,
0.9778061509132385,3,610,,
0.3424829840660095,3,611,,
0.232252836227417,3,612,,
1.312701940536499,3,613,,
0.36340028047561646,3,614,,
1.1181437969207764,3,615,,
0.8533215522766113,3,616,,
0.04191554710268974,3,617,,
0.07510921359062195,3,618,,
0.14398732781410217,3,619,,
0.26265066862106323,3,620,,
0.22367876768112183,3,621,,
0.09701001644134521,3,622,,
0.21947981417179108,3,623,,
0.23933373391628265,3,624,,
0.15230701863765717,3,625,,
0.04671720415353775,3,626,,
1.2226881980895996,3,627,,
0.03337083011865616,3,628,,
3.492917060852051,3,629,,
1.052093267440796,3,630,,
0.010889720171689987,3,631,,
0.1581411510705948,3,632,,
1.9216725826263428,3,633,,
0.1903747022151947,3,634,,
0.3663656711578369,3,635,,
0.5005754828453064,3,636,,
0.4722186028957367,3,637,,
0.27145916223526,3,638,,
0.6024553775787354,3,639,,
0.4326168894767761,3,640,,
1.0071066617965698,3,641,,
0.1313149333000183,3,642,,
0.15410229563713074,3,643,,
0.10943590104579926,3,644,,
0.7051639556884766,3,645,,
0.35469546914100647,3,646,,
0.6676177978515625,3,647,,
0.08593416959047318,3,648,,
0.8273584842681885,3,649,,
0.3184966742992401,3,650,,
0.0320616140961647,3,651,,
0.27091801166534424,3,652,,
0.5233715176582336,3,653,,
0.4544038772583008,3,654,,
0.11239147186279297,3,655,,
0.16914603114128113,3,656,,
0.5133572816848755,3,657,,
0.04389270767569542,3,658,,
0.06008123233914375,3,659,,
0.24374191462993622,3,660,,
0.18873777985572815,3,661,,
0.3567931652069092,3,662,,
0.04837528616189957,3,663,,
0.42303788661956787,3,664,,
0.308102011680603,3,665,,
0.30595600605010986,3,666,,
0.2588874399662018,3,667,,
0.4266180992126465,3,668,,
0.05418344587087631,3,669,,
0.010877364315092564,3,670,,
0.00906425341963768,3,671,,
0.07766558974981308,3,672,,
0.31879913806915283,3,673,,
1.5197118520736694,3,674,,
0.184041365981102,3,675,,
0.3608824610710144,3,676,,
0.021680664271116257,3,677,,
0.12593144178390503,3,678,,
0.13828632235527039,3,679,,
2.1546006202697754,3,680,,
0.7558726072311401,3,681,,
0.028568018227815628,3,682,,
0.13615578413009644,3,683,,
0.0643286257982254,3,684,,
0.28075939416885376,3,685,,
0.19476920366287231,3,686,,
0.030008584260940552,3,687,,
0.054896652698516846,3,688,,
0.04454585909843445,3,689,,
0.21021538972854614,3,690,,
0.08269235491752625,3,691,,
0.1845235824584961,3,692,,
1.047497034072876,3,693,,
0.07301419973373413,3,694,,
0.02464280277490616,3,695,,
0.018790550529956818,3,696,,
0.012210238724946976,3,697,,
0.013778897002339363,3,698,,
0.3279706835746765,3,699,,
0.2621724009513855,3,700,,
0.1772308349609375,3,701,,
0.6298327445983887,3,702,,
0.09976129978895187,3,703,,
0.5165563821792603,3,704,,
0.0778830349445343,3,705,,
0.043228112161159515,3,706,,
0.028841983526945114,3,707,,
0.4798911213874817,3,708,,
0.014254121109843254,3,709,,
0.3336159586906433,3,710,,
0.001287603285163641,3,711,,
0.017519216984510422,3,712,,
0.021546678617596626,3,713,,
0.06541935354471207,3,714,,
0.2939905524253845,3,715,,
0.07281442731618881,3,716,,
0.014004490338265896,3,717,,
0.06004088744521141,3,718,,
0.0028702279087156057,3,719,,
0.44185489416122437,3,720,,
0.06863334029912949,3,721,,
0.046326275914907455,3,722,,
0.04562514275312424,3,723,,
0.002349318005144596,3,724,,
0.3341827988624573,3,725,,
0.03156436234712601,3,726,,
1.0134663581848145,3,727,,
0.020267849788069725,3,728,,
0.035463180392980576,3,729,,
0.9297813773155212,3,730,,
0.041253700852394104,3,731,,
0.8312925100326538,3,732,,
0.051256805658340454,3,733,,
0.00026061711832880974,3,734,,
0.27947360277175903,3,735,,
0.00543722789734602,3,736,,
0.025649741291999817,3,737,,
0.05617404729127884,3,738,,
0.38244909048080444,3,739,,
0.0009637594921514392,3,740,,
2.0439889430999756,3,741,,
0.455810010433197,3,742,,
0.8011112213134766,3,743,,
0.011198706924915314,3,744,,
0.13610054552555084,3,745,,
0.9205965399742126,3,746,,
0.08915314078330994,3,747,,
0.025359157472848892,3,748,,
0.011922579258680344,3,749,,
0.015129130333662033,3,750,,
0.03412661328911781,3,751,,
0.7377891540527344,3,752,,
0.006278665736317635,3,753,,
0.0015594057040289044,3,754,,
0.021927032619714737,3,755,,
0.0029022153466939926,3,756,,
0.06508436053991318,3,757,,
0.12828078866004944,3,758,,
1.7377912998199463,3,759,,
1.0686354637145996,3,760,,
0.009924670681357384,3,761,,
1.4478516578674316,3,762,,
0.000619814672973007,3,763,,
0.059387169778347015,3,764,,
0.014849825762212276,3,765,,
0.07687770575284958,3,766,,
0.037226781249046326,3,767,,
0.00600313488394022,3,768,,
0.2971646785736084,3,769,,
0.07600094377994537,3,770,,
0.3919677138328552,3,771,,
1.4334840774536133,3,772,,
0.009473484009504318,3,773,,
0.14634057879447937,3,774,,
0.016953283920884132,3,775,,
0.0060934042558074,3,776,,
0.0027639619074761868,3,777,,
2.2579798698425293,3,778,,
0.2729186415672302,3,779,,
0.007457241415977478,3,780,,
0.01720232516527176,3,781,,
0.040964774787425995,3,782,,
0.003142012283205986,3,783,,
0.0399361215531826,3,784,,
0.34156104922294617,3,785,,
1.5397050380706787,3,786,,
0.34168609976768494,3,787,,
0.34886789321899414,3,788,,
0.03884682059288025,3,789,,
0.08049075305461884,3,790,,
0.018677933141589165,3,791,,
0.010094594210386276,3,792,,
0.2882726788520813,3,793,,
0.1239946261048317,3,794,,
0.009156816639006138,3,795,,
0.00535766314715147,3,796,,
0.00552033307030797,3,797,,
0.24953991174697876,3,798,,
1.009955883026123,3,799,,
,3,799,0.3340151607990265,0.8450000286102295
0.042271688580513,4,800,,
0.010558078065514565,4,801,,
0.004893085453659296,4,802,,
0.5621530413627625,4,803,,
0.012335056439042091,4,804,,
0.6000263690948486,4,805,,
0.0009093887638300657,4,806,,
0.35878342390060425,4,807,,
0.055832505226135254,4,808,,
0.0030847766902297735,4,809,,
0.01036996953189373,4,810,,
0.00829799473285675,4,811,,
0.39923223853111267,4,812,,
0.003666041186079383,4,813,,
0.06881384551525116,4,814,,
0.028594570234417915,4,815,,
0.04886219650506973,4,816,,
0.005883786361664534,4,817,,
0.17750400304794312,4,818,,
0.05782479792833328,4,819,,
0.11848793923854828,4,820,,
0.09346272796392441,4,821,,
0.02060098946094513,4,822,,
0.16635571420192719,4,823,,
0.031766414642333984,4,824,,
0.0904388502240181,4,825,,
0.002029622672125697,4,826,,
0.0040944768115878105,4,827,,
4.9947440857067704e-05,4,828,,
0.008026795461773872,4,829,,
0.21430101990699768,4,830,,
0.004898452199995518,4,831,,
0.006186524406075478,4,832,,
0.07260946929454803,4,833,,
0.0004714211681857705,4,834,,
0.011163560673594475,4,835,,
0.05416448786854744,4,836,,
1.8370877504348755,4,837,,
0.10927750915288925,4,838,,
0.5905913710594177,4,839,,
0.03334421664476395,4,840,,
0.21007776260375977,4,841,,
0.018220022320747375,4,842,,
0.005600381642580032,4,843,,
0.006090826820582151,4,844,,
0.06405670940876007,4,845,,
0.019700534641742706,4,846,,
0.000817143707536161,4,847,,
0.03916039690375328,4,848,,
0.32190635800361633,4,849,,
1.679982304573059,4,850,,
9.542239422444254e-05,4,851,,
0.1034073606133461,4,852,,
0.031921885907649994,4,853,,
0.10766994953155518,4,854,,
2.0632805824279785,4,855,,
0.15587705373764038,4,856,,
0.070119708776474,4,857,,
0.0002081175916828215,4,858,,
0.0009220151696354151,4,859,,
0.07369305938482285,4,860,,
0.4725691080093384,4,861,,
0.03643067553639412,4,862,,
0.0030248218681663275,4,863,,
0.008447562344372272,4,864,,
0.003722703317180276,4,865,,
0.2146715223789215,4,866,,
0.26412516832351685,4,867,,
0.007649707607924938,4,868,,
0.006121820770204067,4,869,,
0.13176944851875305,4,870,,
0.02353249490261078,4,871,,
0.0016446488443762064,4,872,,
0.05764375999569893,4,873,,
0.11161454021930695,4,874,,
0.01444062776863575,4,875,,
0.020468439906835556,4,876,,
0.10508741438388824,4,877,,
0.0800924301147461,4,878,,
0.012595209293067455,4,879,,
0.024188963696360588,4,880,,
0.0008596507250331342,4,881,,
0.022017747163772583,4,882,,
0.0013904996449127793,4,883,,
0.00596320815384388,4,884,,
0.19760599732398987,4,885,,
0.04959613457322121,4,886,,
0.07798852771520615,4,887,,
1.6692122220993042,4,888,,
0.012129681184887886,4,889,,
0.07825967669487,4,890,,
1.7737125158309937,4,891,,
0.013845227658748627,4,892,,
0.024906516075134277,4,893,,
7.641022966708988e-05,4,894,,
0.0044084154069423676,4,895,,
0.0037216898053884506,4,896,,
1.375017523765564,4,897,,
0.4888106882572174,4,898,,
0.025923926383256912,4,899,,
1.0086958408355713,4,900,,
0.007220781408250332,4,901,,
0.0977167934179306,4,902,,
0.02861219085752964,4,903,,
0.11257518827915192,4,904,,
0.04391509294509888,4,905,,
0.21301981806755066,4,906,,
0.004669202491641045,4,907,,
0.5113987922668457,4,908,,
0.1744665503501892,4,909,,
0.004120619036257267,4,910,,
0.08323051035404205,4,911,,
1.2093193531036377,4,912,,
0.34573543071746826,4,913,,
0.009278240613639355,4,914,,
0.07889671623706818,4,915,,
0.007111206650733948,4,916,,
0.031096652150154114,4,917,,
0.8154633045196533,4,918,,
0.04065569117665291,4,919,,
0.43899375200271606,4,920,,
0.1404879093170166,4,921,,
0.2825316786766052,4,922,,
2.507411003112793,4,923,,
0.06987479329109192,4,924,,
0.019764769822359085,4,925,,
0.11809752136468887,4,926,,
0.15703554451465607,4,927,,
0.003452354110777378,4,928,,
0.03744589164853096,4,929,,
0.029874101281166077,4,930,,
0.01763276383280754,4,931,,
0.06324177980422974,4,932,,
0.0007475196616724133,4,933,,
0.09039739519357681,4,934,,
0.013582843355834484,4,935,,
0.05354699864983559,4,936,,
0.0002579356078058481,4,937,,
1.404372215270996,4,938,,
0.0070933448150753975,4,939,,
0.023737898096442223,4,940,,
0.010788053274154663,4,941,,
0.0683005154132843,4,942,,
0.011292925104498863,4,943,,
0.0028336939867585897,4,944,,
0.10854858160018921,4,945,,
0.008277218788862228,4,946,,
0.0002770039427559823,4,947,,
0.025046780705451965,4,948,,
0.055162765085697174,4,949,,
0.08893188089132309,4,950,,
0.003946738317608833,4,951,,
0.007888155058026314,4,952,,
0.1795729696750641,4,953,,
0.002538733882829547,4,954,,
0.1466052532196045,4,955,,
0.015130158513784409,4,956,,
0.03198917210102081,4,957,,
0.0007966561242938042,4,958,,
0.0018506795167922974,4,959,,
0.19597047567367554,4,960,,
0.015807969495654106,4,961,,
0.05176696926355362,4,962,,
0.005921676754951477,4,963,,
0.00029779961914755404,4,964,,
0.004038095474243164,4,965,,
0.4749784469604492,4,966,,
0.0020522859413176775,4,967,,
0.012056334875524044,4,968,,
0.012472080066800117,4,969,,
0.24206599593162537,4,970,,
0.005305410362780094,4,971,,
0.14238259196281433,4,972,,
0.07608337700366974,4,973,,
0.0022729248739778996,4,974,,
0.0006744374986737967,4,975,,
0.0008509109611622989,4,976,,
0.014209812507033348,4,977,,
0.2004045844078064,4,978,,
0.006345301866531372,4,979,,
0.009949518367648125,4,980,,
0.021265357732772827,4,981,,
0.005130991339683533,4,982,,
0.0073959361761808395,4,983,,
0.0005663220654241741,4,984,,
0.030502045527100563,4,985,,
0.004051392897963524,4,986,,
1.0713486671447754,4,987,,
0.0038140229880809784,4,988,,
0.019485484808683395,4,989,,
0.29177138209342957,4,990,,
0.12202796339988708,4,991,,
0.008205484598875046,4,992,,
0.03516901284456253,4,993,,
0.23638799786567688,4,994,,
5.90068448218517e-05,4,995,,
0.0008361414074897766,4,996,,
0.03758854791522026,4,997,,
0.024120710790157318,4,998,,
0.03438268601894379,4,999,,
,4,999,0.16416987776756287,0.9399999976158142
0.0011747728567570448,5,1000,,
0.0021332846954464912,5,1001,,
0.012592557817697525,5,1002,,
0.008366547524929047,5,1003,,
0.036789022386074066,5,1004,,
0.06911574304103851,5,1005,,
1.3018709421157837,5,1006,,
0.0184627678245306,5,1007,,
0.024098046123981476,5,1008,,
0.00820730160921812,5,1009,,
0.7167195081710815,5,1010,,
0.021875079721212387,5,1011,,
0.16114860773086548,5,1012,,
0.00031543750083073974,5,1013,,
0.6479107737541199,5,1014,,
0.0028247651644051075,5,1015,,
0.04878314211964607,5,1016,,
0.062153160572052,5,1017,,
0.0006714569171890616,5,1018,,
0.015659868717193604,5,1019,,
0.0008406042470596731,5,1020,,
0.002975966315716505,5,1021,,
0.022601421922445297,5,1022,,
0.20580613613128662,5,1023,,
0.0008912277990020812,5,1024,,
0.0025984751991927624,5,1025,,
0.000268423231318593,5,1026,,
0.03409718722105026,5,1027,,
0.0036388509906828403,5,1028,,
0.0009805499576032162,5,1029,,
0.16837340593338013,5,1030,,
0.047694846987724304,5,1031,,
0.05347941815853119,5,1032,,
0.008081356063485146,5,1033,,
0.02288408949971199,5,1034,,
0.006012135650962591,5,1035,,
0.001378058921545744,5,1036,,
3.474890399957076e-05,5,1037,,
0.04422866553068161,5,1038,,
0.010794520378112793,5,1039,,
0.003500229213386774,5,1040,,
0.03386286646127701,5,1041,,
0.006544720381498337,5,1042,,
0.010603578761219978,5,1043,,
0.04837215319275856,5,1044,,
0.00018571081454865634,5,1045,,
0.0697888433933258,5,1046,,
2.9205848477431573e-05,5,1047,,
0.030062366276979446,5,1048,,
0.04863421246409416,5,1049,,
0.0023108820896595716,5,1050,,
0.0011100955307483673,5,1051,,
0.007722165435552597,5,1052,,
0.00024953339016065,5,1053,,
0.02698277123272419,5,1054,,
0.10332554578781128,5,1055,,
0.003392002545297146,5,1056,,
0.021651726216077805,5,1057,,
0.018294788897037506,5,1058,,
0.014574327506124973,5,1059,,
0.0016933639999479055,5,1060,,
0.003397993743419647,5,1061,,
0.0014973890502005816,5,1062,,
0.0005306375678628683,5,1063,,
0.0005929493345320225,5,1064,,
0.010120186023414135,5,1065,,
0.010181957855820656,5,1066,,
0.0002891001640819013,5,1067,,
0.0011567932087928057,5,1068,,
0.0004709442728199065,5,1069,,
0.0006202299846336246,5,1070,,
0.0031449240632355213,5,1071,,
0.000905997003428638,5,1072,,
0.0007291749934665859,5,1073,,
0.16480299830436707,5,1074,,
0.05410245433449745,5,1075,,
0.0009491094388067722,5,1076,,
0.003808805486187339,5,1077,,
0.1610240936279297,5,1078,,
9.583967039361596e-05,5,1079,,
0.02652190625667572,5,1080,,
0.010978644713759422,5,1081,,
0.005169428884983063,5,1082,,
1.1384421668481082e-05,5,1083,,
0.01837867498397827,5,1084,,
0.00046171012218110263,5,1085,,
0.014351565390825272,5,1086,,
0.15239453315734863,5,1087,,
0.2679266333580017,5,1088,,
0.1972808539867401,5,1089,,
0.003214309923350811,5,1090,,
0.004497887566685677,5,1091,,
0.18388326466083527,5,1092,,
0.005309990607202053,5,1093,,
1.2345004081726074,5,1094,,
0.15425464510917664,5,1095,,
0.7001423835754395,5,1096,,
0.02375918999314308,5,1097,,
0.0008172029629349709,5,1098,,
0.030853580683469772,5,1099,,
0.004986054264008999,5,1100,,
0.007788465358316898,5,1101,,
0.004883421119302511,5,1102,,
0.2660144567489624,5,1103,,
0.00683204922825098,5,1104,,
0.3267090916633606,5,1105,,
0.1881657838821411,5,1106,,
0.017033345997333527,5,1107,,
0.007417349144816399,5,1108,,
0.01752050779759884,5,1109,,
0.00010269352787872776,5,1110,,
0.0007755707483738661,5,1111,,
0.0008070780895650387,5,1112,,
0.1944572776556015,5,1113,,
0.051616255193948746,5,1114,,
0.0022216737270355225,5,1115,,
0.011779414489865303,5,1116,,
0.002294780220836401,5,1117,,
0.0024115305859595537,5,1118,,
0.0921706110239029,5,1119,,
0.011178107932209969,5,1120,,
0.021686701104044914,5,1121,,
0.001044559059664607,5,1122,,
0.9889639616012573,5,1123,,
0.0004813101841136813,5,1124,,
0.0014632337260991335,5,1125,,
0.03121066279709339,5,1126,,
0.023958705365657806,5,1127,,
0.00013094265887048095,5,1128,,
0.01533425971865654,5,1129,,
0.007027893327176571,5,1130,,
0.1801549792289734,5,1131,,
0.001209538895636797,5,1132,,
3.242439197492786e-05,5,1133,,
0.005758750252425671,5,1134,,
0.0056954240426421165,5,1135,,
6.627816765103489e-05,5,1136,,
0.000515506777446717,5,1137,,
0.01652480661869049,5,1138,,
0.01413862593472004,5,1139,,
0.13089901208877563,5,1140,,
0.0008566880133002996,5,1141,,
0.0031406949274241924,5,1142,,
0.00017057350487448275,5,1143,,
0.0008005239069461823,5,1144,,
0.0013610230525955558,5,1145,,
0.020740821957588196,5,1146,,
0.00022450543474406004,5,1147,,
0.0006457851268351078,5,1148,,
0.002919910941272974,5,1149,,
0.1578766107559204,5,1150,,
0.01647827960550785,5,1151,,
0.10749062895774841,5,1152,,
0.008583282120525837,5,1153,,
0.00016193269402720034,5,1154,,
0.05785086750984192,5,1155,,
0.00212181662209332,5,1156,,
0.016636069864034653,5,1157,,
0.00546221062541008,5,1158,,
0.029425084590911865,5,1159,,
0.059653736650943756,5,1160,,
0.0018435384845361114,5,1161,,
0.0010295561514794827,5,1162,,
0.004475077148526907,5,1163,,
0.04267343133687973,5,1164,,
0.0015663070371374488,5,1165,,
0.013261624611914158,5,1166,,
0.8200129270553589,5,1167,,
0.0013438945170491934,5,1168,,
0.010630409233272076,5,1169,,
0.006602909415960312,5,1170,,
0.0011552439536899328,5,1171,,
1.1821434497833252,5,1172,,
3.963629205827601e-05,5,1173,,
0.0002680060570128262,5,1174,,
1.2755311217915732e-05,5,1175,,
0.003511986695230007,5,1176,,
0.001001745113171637,5,1177,,
1.2831332683563232,5,1178,,
0.000273845624178648,5,1179,,
0.0027461352292448282,5,1180,,
0.7183023691177368,5,1181,,
0.7457377910614014,5,1182,,
0.00033062111469917,5,1183,,
0.0035261514130979776,5,1184,,
0.0007642735727131367,5,1185,,
7.152554530875932e-07,5,1186,,
3.6304845809936523,5,1187,,
0.16758856177330017,5,1188,,
0.019746188074350357,5,1189,,
0.010739217512309551,5,1190,,
0.0064228856936097145,5,1191,,
0.0573439747095108,5,1192,,
1.7881392011531716e-07,5,1193,,
0.00015680734941270202,5,1194,,
0.0002395206829532981,5,1195,,
0.001974775455892086,5,1196,,
0.04853598773479462,5,1197,,
0.053313642740249634,5,1198,,
1.8727285861968994,5,1199,,
,5,1199,0.10788139700889587,0.9399999976158142
0.00011699706374201924,6,1200,,
0.006985450629144907,6,1201,,
0.00016872651758603752,6,1202,,
0.0003194288001395762,6,1203,,
0.031561098992824554,6,1204,,
0.0008018811931833625,6,1205,,
0.0014157883124426007,6,1206,,
0.054808519780635834,6,1207,,
0.0005032940534874797,6,1208,,
0.03255694359540939,6,1209,,
0.011101162061095238,6,1210,,
0.004738220479339361,6,1211,,
0.05956808477640152,6,1212,,
0.002791318576782942,6,1213,,
0.0004892898141406476,6,1214,,
0.08776456862688065,6,1215,,
0.03966238722205162,6,1216,,
0.00027730187866836786,6,1217,,
0.004370894283056259,6,1218,,
0.0023907735012471676,6,1219,,
0.004161064513027668,6,1220,,
0.002548940945416689,6,1221,,
0.00579787977039814,6,1222,,
0.16686348617076874,6,1223,,
0.0003710876335389912,6,1224,,
2.9027007258264348e-05,6,1225,,
1.2576496374094859e-05,6,1226,,
8.803217497188598e-05,6,1227,,
0.0006258288631215692,6,1228,,
0.0014316821470856667,6,1229,,
0.40356606245040894,6,1230,,
0.0028732228092849255,6,1231,,
0.05221855640411377,6,1232,,
0.0022508185356855392,6,1233,,
0.004051838535815477,6,1234,,
0.014731960371136665,6,1235,,
0.005739220883697271,6,1236,,
0.008712328039109707,6,1237,,
0.006713687442243099,6,1238,,
0.00027271348517388105,6,1239,,
0.0008426927961409092,6,1240,,
0.012098195031285286,6,1241,,
0.010818861424922943,6,1242,,
0.04888983815908432,6,1243,,
0.00021842712885700166,6,1244,,
0.001215610420331359,6,1245,,
0.09016549587249756,6,1246,,
0.002567976713180542,6,1247,,
4.9947440857067704e-05,6,1248,,
0.003134673461318016,6,1249,,
0.01565162092447281,6,1250,,
0.14247870445251465,6,1251,,
0.01162874884903431,6,1252,,
0.00021169285173527896,6,1253,,
0.00020394628518261015,6,1254,,
2.707148551940918,6,1255,,
0.050306715071201324,6,1256,,
0.011463535949587822,6,1257,,
0.033319853246212006,6,1258,,
0.0012116814032196999,6,1259,,
0.08234474062919617,6,1260,,
0.0001517418713774532,6,1261,,
0.4540218114852905,6,1262,,
0.01715761050581932,6,1263,,
0.0002681235782802105,6,1264,,
0.006728610023856163,6,1265,,
0.00020781975763384253,6,1266,,
0.001339371781796217,6,1267,,
0.0002140768920071423,6,1268,,
0.012674771249294281,6,1269,,
0.0015072179958224297,6,1270,,
0.00013159832451492548,6,1271,,
1.2457285265554674e-05,6,1272,,
0.0042917910031974316,6,1273,,
0.07245144248008728,6,1274,,
0.030095230787992477,6,1275,,
0.2657422423362732,6,1276,,
0.3495662212371826,6,1277,,
0.00021413620561361313,6,1278,,
0.00027152092661708593,6,1279,,
0.10545580089092255,6,1280,,
0.115086629986763,6,1281,,
0.006548305507749319,6,1282,,
3.1649538868805394e-05,6,1283,,
0.05946347862482071,6,1284,,
0.0012607951648533344,6,1285,,
0.02639693021774292,6,1286,,
5.394073377829045e-05,6,1287,,
0.003253660164773464,6,1288,,
0.003884925041347742,6,1289,,
0.03299818933010101,6,1290,,
0.005075606517493725,6,1291,,
0.29808497428894043,6,1292,,
7.569758963654749e-06,6,1293,,
0.008172272704541683,6,1294,,
0.001873401808552444,6,1295,,
0.013655801303684711,6,1296,,
0.2787967920303345,6,1297,,
0.010192426852881908,6,1298,,
0.00017271918477490544,6,1299,,
0.42469465732574463,6,1300,,
0.0003460638108663261,6,1301,,
0.0024070271756500006,6,1302,,
0.0003908107755705714,6,1303,,
0.01025046780705452,6,1304,,
0.004073701333254576,6,1305,,
0.012036643922328949,6,1306,,
0.0005870499880984426,6,1307,,
0.0009954721899703145,6,1308,,
0.00035637104883790016,6,1309,,
0.00011407677084207535,6,1310,,
0.013995947316288948,6,1311,,
0.0008675861754454672,6,1312,,
0.00044359787716530263,6,1313,,
0.026556238532066345,6,1314,,
5.90068448218517e-05,6,1315,,
0.005558941047638655,6,1316,,
0.0006309511372819543,6,1317,,
0.0015859361737966537,6,1318,,
0.003723672591149807,6,1319,,
0.0006149899563752115,6,1320,,
0.03881820663809776,6,1321,,
0.00066008185967803,6,1322,,
3.576271865313174e-06,6,1323,,
9.357885573990643e-06,6,1324,,
0.0006548356031998992,6,1325,,
0.007564702071249485,6,1326,,
0.016196396201848984,6,1327,,
5.8530007663648576e-05,6,1328,,
0.00046564117656089365,6,1329,,
0.08346056938171387,6,1330,,
0.00031817733542993665,6,1331,,
0.00010793817637022585,6,1332,,
7.140373782021925e-05,6,1333,,
0.0005091322818771005,6,1334,,
0.0015254884492605925,6,1335,,
0.0003743062843568623,6,1336,,
1.4901149825163884e-06,6,1337,,
0.022449016571044922,6,1338,,
0.165747731924057,6,1339,,
0.03405879810452461,6,1340,,
0.0015240610809996724,6,1341,,
0.001222554361447692,6,1342,,
1.7881392011531716e-07,6,1343,,
0.00042316303006373346,6,1344,,
0.011424049735069275,6,1345,,
0.0019803689792752266,6,1346,,
0.036111392080783844,6,1347,,
0.0007207728922367096,6,1348,,
0.0029451376758515835,6,1349,,
0.027042873203754425,6,1350,,
0.008666684851050377,6,1351,,
0.0001751623785821721,6,1352,,
3.290120730525814e-05,6,1353,,
8.583030648878776e-06,6,1354,,
0.003366820514202118,6,1355,,
0.00019125235849060118,6,1356,,
0.00044854218140244484,6,1357,,
0.001349971047602594,6,1358,,
0.0035983622074127197,6,1359,,
0.0016083288937807083,6,1360,,
0.001808080356568098,6,1361,,
0.0002981575671583414,6,1362,,
0.0002280807966599241,6,1363,,
1.0847980774997268e-05,6,1364,,
0.00025906768860295415,6,1365,,
0.005098896101117134,6,1366,,
0.007698229979723692,6,1367,,
0.0018096264684572816,6,1368,,
0.21763980388641357,6,1369,,
0.0025348574854433537,6,1370,,
0.0006727691506966949,6,1371,,
7.635058864252642e-05,6,1372,,
0.02656538039445877,6,1373,,
9.000259524327703e-06,6,1374,,
1.5497193999181036e-06,6,1375,,
0.0014706163201481104,6,1376,,
0.0017531354678794742,6,1377,,
0.002035431796684861,6,1378,,
0.0004527734126895666,6,1379,,
2.3185930331237614e-05,6,1380,,
0.03610076382756233,6,1381,,
2.3841855067985307e-07,6,1382,,
5.9604641222676946e-08,6,1383,,
0.0009451195364817977,6,1384,,
0.0043233586475253105,6,1385,,
0.004927194677293301,6,1386,,
0.02210460975766182,6,1387,,
1.9256244897842407,6,1388,,
1.4662634384876583e-05,6,1389,,
7.527780689997599e-05,6,1390,,
0.0244925394654274,6,1391,,
0.017707819119095802,6,1392,,
0.0058655813336372375,6,1393,,
2.4504895210266113,6,1394,,
3.5940953239332885e-05,6,1395,,
0.0007285800529643893,6,1396,,
0.0005783552769571543,6,1397,,
0.007643138058483601,6,1398,,
0.15156510472297668,6,1399,,
,6,1399,0.061743952333927155,0.9850000143051147
0.00381664140149951,7,1400,,
0.006668190471827984,7,1401,,
0.07776853442192078,7,1402,,
0.008694978430867195,7,1403,,
0.0069886548444628716,7,1404,,
0.0006611468270421028,7,1405,,
2.241108813905157e-05,7,1406,,
0.015933986753225327,7,1407,,
0.01502537913620472,7,1408,,
0.020146895200014114,7,1409,,
0.0016041593626141548,7,1410,,
0.008957510814070702,7,1411,,
0.06056493520736694,7,1412,,
0.002164974808692932,7,1413,,
0.00039187993388623,7,1414,,
0.010336168110370636,7,1415,,
0.050596076995134354,7,1416,,
0.04435806721448898,7,1417,,
4.410646215546876e-05,7,1418,,
0.0016182651743292809,7,1419,,
2.0563387806760147e-05,7,1420,,
0.0014149518683552742,7,1421,,
0.02449851855635643,7,1422,,
0.0018835790688171983,7,1423,,
0.014269763603806496,7,1424,,
1.0967190974042751e-05,7,1425,,
0.0001910741557367146,7,1426,,
0.01770947501063347,7,1427,,
0.07075174152851105,7,1428,,
5.8412379075889476e-06,7,1429,,
8.242982585215941e-05,7,1430,,
0.023991607129573822,7,1431,,
0.00042906086309812963,7,1432,,
0.0007826007204130292,7,1433,,
0.0005682270275428891,7,1434,,
0.003761766944080591,7,1435,,
0.0009582802886143327,7,1436,,
6.794685759814456e-05,7,1437,,
0.00017492429469712079,7,1438,,
0.0032238042913377285,7,1439,,
4.8457353841513395e-05,7,1440,,
0.018828611820936203,7,1441,,
0.0033672847785055637,7,1442,,
0.0019868246745318174,7,1443,,
0.0006957017467357218,7,1444,,
0.007119488902390003,7,1445,,
0.00045718211913481355,7,1446,,
0.006871088873594999,7,1447,,
0.004714846611022949,7,1448,,
0.0025327252224087715,7,1449,,
7.712543447269127e-05,7,1450,,
0.16767212748527527,7,1451,,
0.00752048846334219,7,1452,,
0.0007191685726866126,7,1453,,
0.029961254447698593,7,1454,,
0.0024500195868313313,7,1455,,
0.01480119675397873,7,1456,,
0.00810960866510868,7,1457,,
0.0003582193166948855,7,1458,,
8.821093069855124e-05,7,1459,,
0.004839220084249973,7,1460,,
0.011771602556109428,7,1461,,
7.27173801351455e-06,7,1462,,
0.00029958714731037617,7,1463,,
0.0008500164840370417,7,1464,,
0.000417442643083632,7,1465,,
0.04701611399650574,7,1466,,
0.000561854219995439,7,1467,,
0.010600687004625797,7,1468,,
0.003953312989324331,7,1469,,
0.14038017392158508,7,1470,,
0.00033486203756183386,7,1471,,
3.61197380698286e-05,7,1472,,
7.152554530875932e-07,7,1473,,
0.003473017830401659,7,1474,,
9.804470755625516e-05,7,1475,,
2.7418100216891617e-06,7,1476,,
0.01051388494670391,7,1477,,
1.1086401173088234e-05,7,1478,,
1.5497195136049413e-06,7,1479,,
0.03963569551706314,7,1480,,
0.00019065706874243915,7,1481,,
0.06354662775993347,7,1482,,
1.6093240446934942e-06,7,1483,,
0.008500594645738602,7,1484,,
0.0006523983902297914,7,1485,,
0.007489659823477268,7,1486,,
0.00922063086181879,7,1487,,
0.0026974622160196304,7,1488,,
0.0014685329515486956,7,1489,,
0.004721255041658878,7,1490,,
0.027575785294175148,7,1491,,
4.297402483643964e-05,7,1492,,
0.00011127539619337767,7,1493,,
0.05200020223855972,7,1494,,
2.640450475155376e-05,7,1495,,
0.011891061440110207,7,1496,,
3.576278118089249e-07,7,1497,,
0.0018218825571238995,7,1498,,
0.00044359854655340314,7,1499,,
0.0016891175182536244,7,1500,,
0.0007347128121182323,7,1501,,
0.02206707000732422,7,1502,,
0.00012700942170340568,7,1503,,
0.00048083177534863353,7,1504,,
0.01914815604686737,7,1505,,
1.2338082342466805e-05,7,1506,,
0.0007952859159559011,7,1507,,
0.012839118018746376,7,1508,,
0.0020106432493776083,7,1509,,
0.009766515344381332,7,1510,,
0.0032715811394155025,7,1511,,
0.002910605864599347,7,1512,,
0.1446138322353363,7,1513,,
0.013706260360777378,7,1514,,
0.056185282766819,7,1515,,
9.065453195944428e-05,7,1516,,
0.0018795267678797245,7,1517,,
0.00022951114806346595,7,1518,,
0.004382283892482519,7,1519,,
7.790020754327998e-05,7,1520,,
0.12014807760715485,7,1521,,
0.0007121342932805419,7,1522,,
1.788137637959153e-06,7,1523,,
0.006729359272867441,7,1524,,
0.0001263535232283175,7,1525,,
0.012144604697823524,7,1526,,
0.0011503621935844421,7,1527,,
0.020058099180459976,7,1528,,
3.0398321086977376e-06,7,1529,,
0.08700481057167053,7,1530,,
0.016520541161298752,7,1531,,
8.04659430286847e-06,7,1532,,
0.03977293521165848,7,1533,,
2.807339114951901e-05,7,1534,,
0.002116874326020479,7,1535,,
0.0007412063423544168,7,1536,,
1.1920928244535389e-07,7,1537,,
0.0006668131100013852,7,1538,,
0.0009290387388318777,7,1539,,
0.0037576756440103054,7,1540,,
0.0006868863711133599,7,1541,,
0.06372199952602386,7,1542,,
0.00027926795883104205,7,1543,,
0.00022820013691671193,7,1544,,
0.06545992940664291,7,1545,,
0.0012132306583225727,7,1546,,
0.0011558406986296177,7,1547,,
0.0004389499081298709,7,1548,,
0.0037910197861492634,7,1549,,
0.020163558423519135,7,1550,,
0.9521077275276184,7,1551,,
9.179072549159173e-06,7,1552,,
0.003200946841388941,7,1553,,
0.0012777578085660934,7,1554,,
0.01524215005338192,7,1555,,
0.001231745583936572,7,1556,,
2.205369128205348e-06,7,1557,,
6.854508683318272e-06,7,1558,,
0.005440187640488148,7,1559,,
0.02265065908432007,7,1560,,
0.02306317538022995,7,1561,,
0.00022134685423225164,7,1562,,
0.005989610683172941,7,1563,,
0.013867020606994629,7,1564,,
0.06200374290347099,7,1565,,
0.09101705998182297,7,1566,,
0.0024906934704631567,7,1567,,
0.011426815763115883,7,1568,,
0.01747787371277809,7,1569,,
0.010974250733852386,7,1570,,
0.07990218698978424,7,1571,,
0.0024352194741368294,7,1572,,
0.0001853529829531908,7,1573,,
1.3232143828645349e-05,7,1574,,
0.0007900444325059652,7,1575,,
0.003664792748168111,7,1576,,
0.004963092040270567,7,1577,,
0.0008194057736545801,7,1578,,
0.001324014738202095,7,1579,,
0.0005565399769693613,7,1580,,
0.17127230763435364,7,1581,,
0.00014262374315876514,7,1582,,
1.2516966307885014e-06,7,1583,,
0.0006302985129877925,7,1584,,
4.070913928444497e-05,7,1585,,
0.0018702910747379065,7,1586,,
0.0060799866914749146,7,1587,,
0.012485257349908352,7,1588,,
0.0024041812866926193,7,1589,,
0.004538709297776222,7,1590,,
0.0005357018671929836,7,1591,,
0.0009969844250008464,7,1592,,
0.0035133007913827896,7,1593,,
3.1709168979432434e-05,7,1594,,
0.014691730961203575,7,1595,,
0.0008994448580779135,7,1596,,
0.003754956182092428,7,1597,,
0.013680296018719673,7,1598,,
0.033460620790719986,7,1599,,
,7,1599,0.01809454895555973,0.9950000047683716
0.0006114758434705436,8,1600,,
0.004768658429384232,8,1601,,
0.0008522210409864783,8,1602,,
0.018150437623262405,8,1603,,
0.01724189706146717,8,1604,,
0.00017945327272173017,8,1605,,
0.019939446821808815,8,1606,,
0.0008958140388131142,8,1607,,
0.003112699370831251,8,1608,,
0.0004558118525892496,8,1609,,
0.0011210704687982798,8,1610,,
0.007982827723026276,8,1611,,
0.005882791243493557,8,1612,,
0.0030919741839170456,8,1613,,
0.15715628862380981,8,1614,,
0.004890735261142254,8,1615,,
0.00078825862146914,8,1616,,
3.4868106013163924e-05,8,1617,,
0.001849783817306161,8,1618,,
2.0563385987770744e-05,8,1619,,
0.00014208709762897342,8,1620,,
0.0007188470917753875,8,1621,,
0.000986625673249364,8,1622,,
0.000961973040830344,8,1623,,
0.00022557814372703433,8,1624,,
0.01450742781162262,8,1625,,
3.576271865313174e-06,8,1626,,
0.011085297912359238,8,1627,,
1.2516966307885014e-06,8,1628,,
6.47285341983661e-05,8,1629,,
0.003636088687926531,8,1630,,
0.0014355003368109465,8,1631,,
0.009283853694796562,8,1632,,
8.761498611420393e-05,8,1633,,
0.0060949623584747314,8,1634,,
0.0058546606451272964,8,1635,,
0.0005629250081256032,8,1636,,
1.0430758266011253e-05,8,1637,,
0.0030012698844075203,8,1638,,
0.0006435812683776021,8,1639,,
0.0008407272398471832,8,1640,,
0.003278289455920458,8,1641,,
6.532450788654387e-05,8,1642,,
4.8875681386562064e-06,8,1643,,
0.00016783259343355894,8,1644,,
0.00016526953550055623,8,1645,,
0.0089931795373559,8,1646,,
0.0009232943411916494,8,1647,,
0.0001451863208785653,8,1648,,
0.022248998284339905,8,1649,,
8.922416600398719e-05,8,1650,,
5.781633262813557e-06,8,1651,,
0.012379041872918606,8,1652,,
0.0006276185158640146,8,1653,,
0.002277337945997715,8,1654,,
0.0004564077826216817,8,1655,,
0.0007258993573486805,8,1656,,
0.0004387129156384617,8,1657,,
4.786137287737802e-05,8,1658,,
1.686797259026207e-05,8,1659,,
0.0010301521979272366,8,1660,,
0.03379170596599579,8,1661,,
0.0002119312557624653,8,1662,,
1.7285331068706e-06,8,1663,,
0.1053922101855278,8,1664,,
0.10740111023187637,8,1665,,
0.003074401058256626,8,1666,,
0.002379660727456212,8,1667,,
9.083335316972807e-05,8,1668,,
2.4437872525595594e-06,8,1669,,
7.348979124799371e-05,8,1670,,
0.00041857524774968624,8,1671,,
0.00031805847538635135,8,1672,,
5.424006303655915e-06,8,1673,,
0.003108314238488674,8,1674,,
0.0014746030792593956,8,1675,,
8.940692737269273e-07,8,1676,,
0.06597603857517242,8,1677,,
4.434485163073987e-05,8,1678,,
0.001830743858590722,8,1679,,
0.00472496822476387,8,1680,,
0.004342983942478895,8,1681,,
0.000683312420733273,8,1682,,
0.0003452299861237407,8,1683,,
0.0009835290256887674,8,1684,,
0.24405720829963684,8,1685,,
0.0009472646052017808,8,1686,,
0.002355540171265602,8,1687,,
0.0021889670751988888,8,1688,,
0.0019504465162754059,8,1689,,
0.0026660640724003315,8,1690,,
0.0004915569443255663,8,1691,,
0.0005478549865074456,8,1692,,
3.117272717645392e-05,8,1693,,
0.00029791900306008756,8,1694,,
7.271739832503954e-06,8,1695,,
3.457009370322339e-05,8,1696,,
4.809973688679747e-05,8,1697,,
0.00013702164869755507,8,1698,,
9.894321920000948e-06,8,1699,,
0.000145186364534311,8,1700,,
0.0010951656149700284,8,1701,,
0.012493925169110298,8,1702,,
2.068259709631093e-05,8,1703,,
0.005444259382784367,8,1704,,
0.0020195101387798786,8,1705,,
4.929179704049602e-05,8,1706,,
2.3126331143430434e-05,8,1707,,
0.0004275122191756964,8,1708,,
0.000669968081638217,8,1709,,
7.539701618952677e-05,8,1710,,
0.026439659297466278,8,1711,,
3.141114939353429e-05,8,1712,,
0.003140991320833564,8,1713,,
0.019019799306988716,8,1714,,
0.0030192146077752113,8,1715,,
0.0016924671363085508,8,1716,,
0.03000165894627571,8,1717,,
0.000527123745996505,8,1718,,
0.001927420380525291,8,1719,,
0.005591107532382011,8,1720,,
0.003578194184228778,8,1721,,
0.000754068954847753,8,1722,,
0.0012628200929611921,8,1723,,
1.156323378381785e-05,8,1724,,
9.148890239885077e-05,8,1725,,
9.059489821083844e-05,8,1726,,
0.0005704918876290321,8,1727,,
1.0013528481067624e-05,8,1728,,
8.129740308504552e-05,8,1729,,
0.0020557353273034096,8,1730,,
0.012312987819314003,8,1731,,
8.881052053766325e-06,8,1732,,
0.00022057240130379796,8,1733,,
2.0503786799963564e-05,8,1734,,
0.0012288284488022327,8,1735,,
0.005122982431203127,8,1736,,
0.00029863318195566535,8,1737,,
0.0012316263746470213,8,1738,,
0.0004341255989857018,8,1739,,
0.0017402817029505968,8,1740,,
0.008122380822896957,8,1741,,
0.0070703839883208275,8,1742,,
0.017455734312534332,8,1743,,
0.00023862850503064692,8,1744,,
0.0008062992128543556,8,1745,,
0.0002357673365622759,8,1746,,
0.00013404185301624238,8,1747,,
0.0010253265500068665,8,1748,,
0.00014554390509147197,8,1749,,
0.0031752714421600103,8,1750,,
0.0015960682649165392,8,1751,,
8.523426913598087e-06,8,1752,,
0.0003630444116424769,8,1753,,
6.800651317462325e-05,8,1754,,
0.00029875338077545166,8,1755,,
0.0009749536402523518,8,1756,,
1.6689285757820471e-06,8,1757,,
0.0003538690507411957,8,1758,,
0.0005062709096819162,8,1759,,
0.0005149111384525895,8,1760,,
9.202533692587167e-05,8,1761,,
7.748572897980921e-06,8,1762,,
0.16082727909088135,8,1763,,
2.8610186291189166e-06,8,1764,,
0.00025269167963415384,8,1765,,
0.0025346269831061363,8,1766,,
0.00018773692136164755,8,1767,,
0.00041261734440922737,8,1768,,
0.013633446767926216,8,1769,,
0.07206153124570847,8,1770,,
0.0020233173854649067,8,1771,,
0.0046552373096346855,8,1772,,
0.00011801023356383666,8,1773,,
0.0012328741140663624,8,1774,,
2.8550206479849294e-05,8,1775,,
0.0001995955826714635,8,1776,,
0.00030584423802793026,8,1777,,
0.004595174919813871,8,1778,,
0.0005739436019212008,8,1779,,
2.861018856492592e-06,8,1780,,
2.1219027985353023e-05,8,1781,,
1.6689285757820471e-06,8,1782,,
2.9802316703353426e-07,8,1783,,
0.0002709259861148894,8,1784,,
0.0001354120613541454,8,1785,,
0.006195446476340294,8,1786,,
0.002276546321809292,8,1787,,
0.0027170171961188316,8,1788,,
0.0017388771520927548,8,1789,,
0.01030290313065052,8,1790,,
0.0051054274663329124,8,1791,,
0.0007808137452229857,8,1792,,
0.00013141948147676885,8,1793,,
2.3841855067985307e-07,8,1794,,
2.324578417756129e-06,8,1795,,
0.0011788797564804554,8,1796,,
0.0010581343667581677,8,1797,,
0.0020767825189977884,8,1798,,
0.0002194401458837092,8,1799,,
,8,1799,0.00720874173566699,1.0
0.0010642088018357754,9,1800,,
0.0005922946147620678,9,1801,,
0.00018606838420964777,9,1802,,
4.768359758600127e-06,9,1803,,
0.0015160816255956888,9,1804,,
0.002041971543803811,9,1805,,
8.827057899907231e-05,9,1806,,
0.0017493503401055932,9,1807,,
2.8848222427768633e-05,9,1808,,
0.020392512902617455,9,1809,,
3.40932747349143e-05,9,1810,,
0.006224346347153187,9,1811,,
0.0013465695083141327,9,1812,,
3.230517904739827e-05,9,1813,,
0.000547497533261776,9,1814,,
1.0728777851909399e-05,9,1815,,
1.4901149825163884e-06,9,1816,,
0.034281447529792786,9,1817,,
0.00013344589387997985,9,1818,,
0.00015335078933276236,9,1819,,
2.4974033294711262e-05,9,1820,,
6.907928764121607e-05,9,1821,,
7.545662811025977e-05,9,1822,,
0.0009518493316136301,9,1823,,
1.4066596122574992e-05,9,1824,,
3.898067370755598e-05,9,1825,,
0.00014774873852729797,9,1826,,
3.337804082548246e-05,9,1827,,
8.588656055508181e-05,9,1828,,
0.010202850215137005,9,1829,,
0.002642406150698662,9,1830,,
8.761844583204947e-06,9,1831,,
0.003918052185326815,9,1832,,
0.02337915077805519,9,1833,,
0.012796785682439804,9,1834,,
0.0010077633196488023,9,1835,,
0.04383116215467453,9,1836,,
3.1590411708748434e-06,9,1837,,
0.05130799114704132,9,1838,,
0.001043132971972227,9,1839,,
0.013440575450658798,9,1840,,
5.7576420658733696e-05,9,1841,,
0.0018132433760911226,9,1842,,
6.198863957251888e-06,9,1843,,
0.0004836326988879591,9,1844,,
0.00033003598218783736,9,1845,,
0.0020190926734358072,9,1846,,
0.012602555565536022,9,1847,,
9.953926564776339e-06,9,1848,,
0.002724271034821868,9,1849,,
8.052263001445681e-05,9,1850,,
9.172713907901198e-05,9,1851,,
0.0003951007383875549,9,1852,,
0.002807146403938532,9,1853,,
0.06580701470375061,9,1854,,
5.030505417380482e-05,9,1855,,
0.00023374194279313087,9,1856,,
0.000725363555829972,9,1857,,
6.67549466015771e-05,9,1858,,
8.290658297482878e-05,9,1859,,
0.0024343873374164104,9,1860,,
2.342435072932858e-05,9,1861,,
3.582173303584568e-05,9,1862,,
0.014296509325504303,9,1863,,
1.6033520296332426e-05,9,1864,,
1.889449413283728e-05,9,1865,,
2.6166097086388618e-05,9,1866,,
9.649524872656912e-05,9,1867,,
7.3313444772793446e-06,9,1868,,
0.00849706120789051,9,1869,,
2.9802276912960224e-06,9,1870,,
8.171462104655802e-05,9,1871,,
0.00010543504322413355,9,1872,,
2.7358146326150745e-05,9,1873,,
8.886653813533485e-05,9,1874,,
0.00032109825406223536,9,1875,,
4.172324281626061e-07,9,1876,,
0.00468094227835536,9,1877,,
3.993430800619535e-05,9,1878,,
3.3378541957063135e-06,9,1879,,
0.02903827466070652,9,1880,,
1.0311548976460472e-05,9,1881,,
2.8788628696929663e-05,9,1882,,
7.962863310240209e-05,9,1883,,
0.12001800537109375,9,1884,,
0.0020333596039563417,9,1885,,
0.010176630690693855,9,1886,,
0.00037341288407333195,9,1887,,
0.00029601220740005374,9,1888,,
0.0002460773102939129,9,1889,,
0.00015043074381537735,9,1890,,
3.2603173167444766e-05,9,1891,,
5.4536758398171514e-05,9,1892,,
0.0007388819940388203,9,1893,,
2.4795222998363897e-05,9,1894,,
0.0020394965540617704,9,1895,,
9.619713819120079e-05,9,1896,,
0.005873155314475298,9,1897,,
5.2629497076850384e-05,9,1898,,
4.982823884347454e-05,9,1899,,
0.0007577615324407816,9,1900,,
8.24298185762018e-05,9,1901,,
0.0010670621413737535,9,1902,,
1.5556690414086916e-05,9,1903,,
0.0022926253732293844,9,1904,,
0.0005502974381670356,9,1905,,
4.231919774611015e-06,9,1906,,
0.002596695441752672,9,1907,,
0.00030453328508883715,9,1908,,
0.0005703720962628722,9,1909,,
0.002345491200685501,9,1910,,
0.0038703051395714283,9,1911,,
2.264974000354414e-06,9,1912,,
0.004785865545272827,9,1913,,
0.0017641050508245826,9,1914,,
3.534492861945182e-05,9,1915,,
0.0006520409369841218,9,1916,,
0.00069492741022259,9,1917,,
7.390948667307384e-06,9,1918,,
0.0008236946887336671,9,1919,,
4.744415855384432e-05,9,1920,,
0.032469261437654495,9,1921,,
0.00034159517963416874,9,1922,,
0.00010519643547013402,9,1923,,
0.0002305832749698311,9,1924,,
9.238673555955756e-06,9,1925,,
0.003070605918765068,9,1926,,
0.00011884457489941269,9,1927,,
0.150233656167984,9,1928,,
1.072882923836005e-06,9,1929,,
0.002909999107941985,9,1930,,
8.201262971851975e-05,9,1931,,
2.9802276912960224e-06,9,1932,,
4.947172783431597e-06,9,1933,,
9.71550980466418e-06,9,1934,,
3.158995241392404e-05,9,1935,,
0.0042779590003192425,9,1936,,
8.940692737269273e-07,9,1937,,
0.009456668980419636,9,1938,,
0.00039647106314077973,9,1939,,
0.020457565784454346,9,1940,,
3.8146241422509775e-05,9,1941,,
0.0007424568175338209,9,1942,,
1.2516966307885014e-06,9,1943,,
2.9205848477431573e-05,9,1944,,
5.9604641222676946e-08,9,1945,,
4.422566416906193e-05,9,1946,,
9.208492701873183e-05,9,1947,,
1.3947389561508317e-05,9,1948,,
5.304672595229931e-05,9,1949,,
0.0002150304353563115,9,1950,,
5.590758519247174e-05,9,1951,,
1.2516966307885014e-06,9,1952,,
0.0010828450322151184,9,1953,,
0.00034987760591320693,9,1954,,
7.652943168068305e-05,9,1955,,
0.34009113907814026,9,1956,,
0.01726512610912323,9,1957,,
3.0994365260994527e-06,9,1958,,
0.010430521331727505,9,1959,,
0.006960242986679077,9,1960,,
1.5735502529423684e-05,9,1961,,
6.09140915912576e-05,9,1962,,
0.00032246753107756376,9,1963,,
2.0265360944904387e-05,9,1964,,
0.0004608752205967903,9,1965,,
0.009575145319104195,9,1966,,
7.462222856702283e-05,9,1967,,
0.019607163965702057,9,1968,,
0.0012234111782163382,9,1969,,
1.8179251128458418e-05,9,1970,,
0.007804197259247303,9,1971,,
0.00656016543507576,9,1972,,
0.01993073895573616,9,1973,,
0.0004655820084735751,9,1974,,
2.574886821093969e-05,9,1975,,
0.5888866186141968,9,1976,,
0.0002506657037883997,9,1977,,
0.0010452745482325554,9,1978,,
0.00017969183681998402,9,1979,,
5.960462772236497e-07,9,1980,,
0.0001957223139470443,9,1981,,
0.0018827775493264198,9,1982,,
0.0048105837777256966,9,1983,,
0.0009579787729308009,9,1984,,
0.0007530583534389734,9,1985,,
0.0001845785154728219,9,1986,,
1.370897371089086e-05,9,1987,,
1.490105023549404e-05,9,1988,,
8.165803592419252e-06,9,1989,,
0.016738608479499817,9,1990,,
0.001244068844243884,9,1991,,
0.006924550514668226,9,1992,,
0.00027330941520631313,9,1993,,
8.344646857949556e-07,9,1994,,
0.0001471530122216791,9,1995,,
1.0192341505899094e-05,9,1996,,
0.0017232499085366726,9,1997,,
0.0007538924110122025,9,1998,,
0.00010466027015354484,9,1999,,
,9,1999,0.009231772273778915,1.0
