,prob_zero,prob_one,pred,correct
0,0.49251872301101685,0.5074812173843384,1,1
1,0.4920152723789215,0.5079846978187561,1,1
2,0.4582812190055847,0.5417188405990601,1,0
3,0.4976349472999573,0.5023651123046875,1,0
4,0.5138935446739197,0.4861064851284027,0,0
5,0.5381338596343994,0.46186619997024536,0,1
6,0.4851032495498657,0.5148967504501343,1,1
7,0.5022996664047241,0.49770036339759827,0,1
8,0.4924145042896271,0.5075854659080505,1,1
9,0.4542129337787628,0.5457870364189148,1,0
10,0.47561901807785034,0.5243809819221497,1,1
11,0.48854610323905945,0.5114538073539734,1,1
12,0.4399475157260895,0.5600524544715881,1,1
13,0.3774944245815277,0.6225055456161499,1,0
14,0.493211567401886,0.5067884922027588,1,1
15,0.4835498631000519,0.5164501667022705,1,1
16,0.45202693343162537,0.5479730367660522,1,1
17,0.36411169171333313,0.6358882784843445,1,0
18,0.5002886652946472,0.4997113347053528,0,1
19,0.45368316769599915,0.5463168025016785,1,1
20,0.4228391945362091,0.5771608352661133,1,0
21,0.476884663105011,0.523115336894989,1,0
22,0.4892158508300781,0.5107840895652771,1,1
23,0.46590766310691833,0.5340924263000488,1,1
24,0.4783417582511902,0.521658182144165,1,1
25,0.4301532804965973,0.5698467493057251,1,0
26,0.4773775637149811,0.5226224064826965,1,1
27,0.47742053866386414,0.5225794911384583,1,1
28,0.4292346239089966,0.5707653760910034,1,1
29,0.4088638722896576,0.5911362171173096,1,0
30,0.47514474391937256,0.5248552560806274,1,1
31,0.4577496647834778,0.542250394821167,1,1
32,0.44865599274635315,0.5513439774513245,1,0
33,0.43632104992866516,0.5636789202690125,1,0
34,0.5025150775909424,0.4974849224090576,0,1
35,0.4750553071498871,0.5249446630477905,1,1
36,0.471714049577713,0.5282859802246094,1,1
37,0.4723443388938904,0.5276556611061096,1,1
38,0.4520496428012848,0.5479503273963928,1,1
39,0.4396251440048218,0.5603748559951782,1,0
40,0.4664961099624634,0.5335038900375366,1,1
41,0.44961392879486084,0.5503860712051392,1,0
42,0.48864883184432983,0.5113511085510254,1,0
43,0.4657314419746399,0.5342686176300049,1,1
44,0.4908316433429718,0.5091683268547058,1,0
45,0.46761801838874817,0.5323819518089294,1,0
46,0.4908820688724518,0.5091179609298706,1,1
47,0.4817394018173218,0.518260657787323,1,1
48,0.47406020760536194,0.5259398221969604,1,0
49,0.4844070374965668,0.5155929923057556,1,1
50,0.45968368649482727,0.5403162837028503,1,1
51,0.4333135485649109,0.5666864514350891,1,1
52,0.4323922097682953,0.5676077604293823,1,1
53,0.37114667892456055,0.6288533210754395,1,0
54,0.4317837059497833,0.5682163238525391,1,1
55,0.37672188878059387,0.6232781410217285,1,0
56,0.43404892086982727,0.5659510493278503,1,1
57,0.4067746698856354,0.5932253003120422,1,1
58,0.3602360785007477,0.6397639513015747,1,0
59,0.4728425145149231,0.5271574854850769,1,0
60,0.4727120101451874,0.527288019657135,1,0
61,0.48232728242874146,0.5176727175712585,1,1
62,0.47233814001083374,0.5276618599891663,1,1
63,0.4674687087535858,0.5325313210487366,1,0
64,0.47541412711143494,0.5245859026908875,1,0
65,0.4718869626522064,0.5281130075454712,1,1
66,0.47272032499313354,0.5272796750068665,1,0
67,0.46594420075416565,0.534055769443512,1,0
68,0.4930877387523651,0.5069122314453125,1,1
69,0.4889340400695801,0.5110659003257751,1,1
70,0.49785223603248596,0.5021477937698364,1,0
71,0.4753721058368683,0.5246278643608093,1,1
72,0.4642125964164734,0.5357873439788818,1,0
73,0.48582980036735535,0.514170229434967,1,0
74,0.4797879159450531,0.5202120542526245,1,1
75,0.479760080575943,0.5202399492263794,1,1
76,0.48154959082603455,0.5184504389762878,1,1
77,0.46966561675071716,0.5303344130516052,1,1
78,0.45398643612861633,0.546013593673706,1,0
79,0.48105666041374207,0.5189432501792908,1,0
80,0.5144180655479431,0.48558199405670166,0,0
81,0.49936214089393616,0.5006378889083862,1,1
82,0.483332097530365,0.5166678428649902,1,1
83,0.48972266912460327,0.5102773308753967,1,1
84,0.4564113914966583,0.5435885787010193,1,1
85,0.4675650894641876,0.5324349403381348,1,0
86,0.4934869706630707,0.5065129995346069,1,0
87,0.48811838030815125,0.5118816494941711,1,0
88,0.5187088847160339,0.4812910556793213,0,0
89,0.4627898037433624,0.5372101664543152,1,0
90,0.49593305587768555,0.5040669441223145,1,0
91,0.5261615514755249,0.4738384783267975,0,0
92,0.5299832820892334,0.4700166881084442,0,0
93,0.6220781207084656,0.3779219090938568,0,0
94,0.7534623146057129,0.2465377002954483,0,1
95,0.494926393032074,0.505073606967926,1,1
96,0.477498322725296,0.5225017070770264,1,1
97,0.5040979385375977,0.49590209126472473,0,0
98,0.5305687785148621,0.46943122148513794,0,1
99,0.42639341950416565,0.5736066102981567,1,0
100,0.48183974623680115,0.5181602835655212,1,1
101,0.4868679642677307,0.5131320357322693,1,1
102,0.521698534488678,0.47830140590667725,0,0
103,0.5853411555290222,0.41465893387794495,0,0
104,0.5919903516769409,0.4080096483230591,0,0
105,0.58452308177948,0.41547691822052,0,0
106,0.7922799587249756,0.20771998167037964,0,0
107,0.9446758031845093,0.05532412976026535,0,0
108,0.9466343522071838,0.053365617990493774,0,1
109,0.43539559841156006,0.5646043419837952,1,1
110,0.4432278573513031,0.5567721128463745,1,0
111,0.5531013011932373,0.4468986392021179,0,1
112,0.4749044179916382,0.5250955820083618,1,1
113,0.45559293031692505,0.5444071292877197,1,1
114,0.43982428312301636,0.5601757168769836,1,0
115,0.43564942479133606,0.5643505454063416,1,1
116,0.4970853626728058,0.5029146075248718,1,1
117,0.3275005519390106,0.672499418258667,1,0
118,0.4862191379070282,0.5137807726860046,1,0
119,0.48556774854660034,0.5144322514533997,1,0
120,0.48656949400901794,0.5134304761886597,1,1
121,0.455095112323761,0.544904887676239,1,0
122,0.4741858243942261,0.5258141756057739,1,0
123,0.5792055726051331,0.42079442739486694,0,0
124,0.6643050909042358,0.33569493889808655,0,0
125,0.5755237936973572,0.4244762063026428,0,0
126,0.701143741607666,0.2988562285900116,0,1
127,0.7551389336585999,0.24486108124256134,0,1
128,0.4815455973148346,0.5184544324874878,1,0
129,0.5206539630889893,0.47934600710868835,0,1
130,0.4825305640697479,0.5174694061279297,1,0
131,0.5193045139312744,0.48069554567337036,0,1
132,0.48923078179359436,0.5107693076133728,1,0
133,0.49585995078086853,0.5041399598121643,1,0
134,0.506147027015686,0.4938529133796692,0,0
135,0.44884467124938965,0.5511553883552551,1,1
136,0.4896557629108429,0.5103442668914795,1,0
137,0.5012419819831848,0.4987580180168152,0,0
138,0.565142035484314,0.43485790491104126,0,0
139,0.50123131275177,0.49876871705055237,0,1
140,0.5138043165206909,0.4861956238746643,0,0
141,0.46179622411727905,0.5382037162780762,1,1
142,0.4890817403793335,0.5109182000160217,1,0
143,0.5543566346168518,0.4456433653831482,0,1
144,0.5017601847648621,0.4982398748397827,0,0
145,0.4935811460018158,0.5064188241958618,1,1
146,0.5148388147354126,0.485161155462265,0,1
147,0.4890640676021576,0.5109359622001648,1,0
148,0.5313052535057068,0.4686947464942932,0,0
149,0.5419961214065552,0.458003968000412,0,0
150,0.49855244159698486,0.5014476180076599,1,1
151,0.5413670539855957,0.4586329460144043,0,0
152,0.5162273645401001,0.4837726652622223,0,1
153,0.5292218923568726,0.47077807784080505,0,0
154,0.5227065682411194,0.4772934317588806,0,1
155,0.5863702297210693,0.4136297106742859,0,0
156,0.46685492992401123,0.533145010471344,1,0
157,0.6255506277084351,0.37444934248924255,0,0
158,0.4858751595020294,0.514124870300293,1,1
159,0.5372521877288818,0.46274787187576294,0,0
160,0.6689612865447998,0.3310387134552002,0,0
161,0.6707804203033447,0.32921963930130005,0,0
162,0.7673624157905579,0.23263755440711975,0,0
163,0.7745117545127869,0.22548827528953552,0,1
164,0.6975563168525696,0.3024436831474304,0,1
165,0.5675229430198669,0.43247708678245544,0,1
166,0.5246816277503967,0.47531840205192566,0,0
167,0.5863246917724609,0.4136752784252167,0,0
168,0.6194981932640076,0.38050180673599243,0,0
169,0.6964923739433289,0.30350759625434875,0,0
170,0.8256514668464661,0.17434856295585632,0,1
171,0.583554744720459,0.416445255279541,0,1
172,0.4938555657863617,0.5061444044113159,1,1
173,0.49094828963279724,0.5090516805648804,1,1
174,0.3154047131538391,0.6845953464508057,1,1
175,0.42454665899276733,0.5754533410072327,1,1
176,0.14799363911151886,0.8520063161849976,1,0
177,0.4649908244609833,0.5350090861320496,1,1
178,0.48576515913009644,0.5142347812652588,1,0
179,0.46847161650657654,0.5315283536911011,1,1
180,0.44965052604675293,0.5503495335578918,1,0
181,0.5107114315032959,0.4892885982990265,0,1
182,0.4836546778678894,0.5163452625274658,1,1
183,0.4487946033477783,0.5512054562568665,1,0
184,0.4881100654602051,0.5118898749351501,1,0
185,0.4876168370246887,0.512383222579956,1,1
186,0.4547584652900696,0.5452415347099304,1,0
187,0.5189979076385498,0.4810020327568054,0,0
188,0.5050064325332642,0.49499356746673584,0,1
189,0.5743553042411804,0.4256446957588196,0,0
190,0.42139315605163574,0.578606903553009,1,1
191,0.40385764837265015,0.5961424112319946,1,1
192,0.48423677682876587,0.5157632827758789,1,0
193,0.46723708510398865,0.5327629446983337,1,1
194,0.34178000688552856,0.6582199931144714,1,1
195,0.354660302400589,0.6453396677970886,1,0
196,0.3482133746147156,0.6517865657806396,1,0
197,0.44619494676589966,0.5538051128387451,1,0
198,0.4634259045124054,0.536574125289917,1,1
199,0.4397881031036377,0.5602119565010071,1,0
200,0.37386855483055115,0.6261314749717712,1,1
201,0.3949388563632965,0.6050610542297363,1,1
202,0.522584080696106,0.47741591930389404,0,0
203,0.1873047947883606,0.8126952052116394,1,0
204,0.5561151504516602,0.44388484954833984,0,0
205,0.5137140154838562,0.4862859547138214,0,1
206,0.4350821077823639,0.5649178624153137,1,1
207,0.49085623025894165,0.5091438293457031,1,1
208,0.41930505633354187,0.5806949138641357,1,1
209,0.5891451239585876,0.4108547866344452,0,0
210,0.40118974447250366,0.5988102555274963,1,1
211,0.29815739393234253,0.7018426060676575,1,1
212,0.3835543096065521,0.6164457201957703,1,1
213,0.44358009099960327,0.5564199090003967,1,0
214,0.2653658390045166,0.7346341609954834,1,1
215,0.15747015178203583,0.842529833316803,1,1
216,0.3041827082633972,0.6958172917366028,1,1
217,0.030597208067774773,0.9694027900695801,1,0
218,0.37709715962409973,0.6229028105735779,1,1
219,0.2536669969558716,0.7463330626487732,1,1
220,0.3796730637550354,0.6203269362449646,1,0
221,0.6585838794708252,0.3414160907268524,0,0
222,0.7479155659675598,0.2520844638347626,0,1
223,0.16887786984443665,0.8311221599578857,1,1
224,0.17345628142356873,0.8265437483787537,1,1
225,0.041055306792259216,0.9589446187019348,1,0
226,0.3476221561431885,0.6523778438568115,1,1
227,0.5068594217300415,0.4931405782699585,0,1
228,0.2552146911621094,0.7447853088378906,1,1
229,0.14651334285736084,0.8534866571426392,1,0
230,0.5930229425430298,0.4069771468639374,0,1
231,0.44578662514686584,0.5542133450508118,1,1
232,0.4798736274242401,0.5201264023780823,1,0
233,0.564660906791687,0.4353390634059906,0,0
234,0.3731772303581238,0.626822829246521,1,1
235,0.44187161326408386,0.5581283569335938,1,1
236,0.2644907534122467,0.7355092763900757,1,1
237,0.30431926250457764,0.6956807374954224,1,1
238,0.049363914877176285,0.9506361484527588,1,1
239,0.015399285592138767,0.9846007227897644,1,0
240,0.42871153354644775,0.5712884664535522,1,1
241,0.6450886726379395,0.35491135716438293,0,0
242,0.6751704216003418,0.3248296082019806,0,0
243,0.38754507899284363,0.6124549508094788,1,1
244,0.8760163187980652,0.12398362904787064,0,0
245,0.34648507833480835,0.6535149216651917,1,0
246,0.8716368079185486,0.12836326658725739,0,1
247,0.5783144235610962,0.4216856062412262,0,1
248,0.33029305934906006,0.6697068810462952,1,0
249,0.32829633355140686,0.6717036366462708,1,1
250,0.3603905141353607,0.6396095156669617,1,1
251,0.4429183006286621,0.5570816397666931,1,1
252,0.11013182252645493,0.8898681998252869,1,1
253,0.46393242478370667,0.5360676050186157,1,0
254,0.1658492535352707,0.8341507911682129,1,1
255,0.40489885210990906,0.5951010584831238,1,0
256,0.2552438974380493,0.7447561025619507,1,1
257,0.5340642333030701,0.46593573689460754,0,1
258,0.2070396989583969,0.7929602861404419,1,0
259,0.9650691747665405,0.03493087738752365,0,0
260,0.9542766213417053,0.04572337493300438,0,0
261,0.8128513693809509,0.18714866042137146,0,1
262,0.4480072259902954,0.5519927740097046,1,1
263,0.5158815979957581,0.48411843180656433,0,0
264,0.5418945550918579,0.4581054747104645,0,0
265,0.600922167301178,0.39907777309417725,0,1
266,0.8693777918815613,0.13062220811843872,0,0
267,0.47630593180656433,0.5236940383911133,1,0
268,0.4696965217590332,0.5303034782409668,1,1
269,0.12925848364830017,0.8707415461540222,1,1
270,0.7474488615989685,0.2525511085987091,0,0
271,0.04418952763080597,0.955810546875,1,1
272,0.03599892556667328,0.9640010595321655,1,0
273,0.6128466129302979,0.38715341687202454,0,0
274,0.7567063570022583,0.24329370260238647,0,1
275,0.2517223060131073,0.7482777237892151,1,1
276,0.27258267998695374,0.7274172902107239,1,1
277,0.19713449478149414,0.8028654456138611,1,1
278,0.7252516746520996,0.27474838495254517,0,0
279,0.9163699150085449,0.08363001048564911,0,0
280,0.9899407029151917,0.010059327818453312,0,0
281,0.023888908326625824,0.976111114025116,1,1
282,0.001804344356060028,0.9981957077980042,1,1
283,0.4442773461341858,0.5557225942611694,1,1
284,0.3480362296104431,0.6519637703895569,1,1
285,0.01348735298961401,0.9865126609802246,1,0
286,0.8452332019805908,0.15476687252521515,0,0
287,0.9331490993499756,0.06685096025466919,0,0
288,0.9961768388748169,0.0038230991922318935,0,0
289,0.9629666805267334,0.03703325241804123,0,0
290,0.9856413006782532,0.014358635060489178,0,0
291,0.9946576952934265,0.0053422520868480206,0,0
292,0.835400402545929,0.16459962725639343,0,0
293,0.9818058609962463,0.018194206058979034,0,0
294,0.9926242232322693,0.007375691086053848,0,1
295,0.44466593861579895,0.5553340315818787,1,1
296,0.13210095465183258,0.8678990602493286,1,1
297,0.2834675908088684,0.7165324091911316,1,0
298,0.34065839648246765,0.65934157371521,1,1
299,0.33011913299560547,0.6698808670043945,1,0
300,0.36288607120513916,0.6371139287948608,1,1
301,0.4684094488620758,0.5315905809402466,1,1
302,0.6970688700675964,0.3029310703277588,0,0
303,0.2940571904182434,0.7059428095817566,1,0
304,0.948748767375946,0.05125126987695694,0,0
305,0.302182674407959,0.697817325592041,1,0
306,0.9164562225341797,0.0835438221693039,0,0
307,0.9821802377700806,0.01781972125172615,0,0
308,0.9995548129081726,0.0004451545246411115,0,1
309,0.5883421897888184,0.41165781021118164,0,1
310,0.46731337904930115,0.5326865911483765,1,0
311,0.3149373531341553,0.6850625872612,1,1
312,0.5260022282600403,0.47399774193763733,0,1
313,0.44706472754478455,0.5529353022575378,1,1
314,0.48940712213516235,0.5105929374694824,1,0
315,0.3679969012737274,0.6320030689239502,1,1
316,0.4385990500450134,0.5614008903503418,1,1
317,0.5204112529754639,0.47958871722221375,0,0
318,0.5567610859870911,0.4432389438152313,0,0
319,0.7380286455154419,0.2619713842868805,0,0
320,0.4819590747356415,0.5180409550666809,1,1
321,0.4945870637893677,0.5054129362106323,1,0
322,0.6456744074821472,0.35432568192481995,0,0
323,0.5954505205154419,0.4045495390892029,0,0
324,0.3443799614906311,0.6556199789047241,1,0
325,0.7112851738929749,0.28871482610702515,0,0
326,0.5985685586929321,0.40143144130706787,0,1
327,0.3882473111152649,0.6117527484893799,1,1
328,0.6480739116668701,0.3519260585308075,0,0
329,0.7542400360107422,0.245759978890419,0,1
330,0.5307485461235046,0.4692513942718506,0,0
331,0.570293128490448,0.4297068119049072,0,1
332,0.5991116166114807,0.4008883833885193,0,0
333,0.5809149146080017,0.4190850853919983,0,0
334,0.9517348408699036,0.04826519638299942,0,0
335,0.43666261434555054,0.5633373260498047,1,1
336,0.8471924066543579,0.1528075486421585,0,0
337,0.491750031709671,0.5082499384880066,1,0
338,0.9891257286071777,0.010874314233660698,0,0
339,0.6975674033164978,0.3024325668811798,0,1
340,0.45582205057144165,0.5441779494285583,1,0
341,0.7808825373649597,0.21911746263504028,0,1
342,0.8368067741394043,0.16319318115711212,0,0
343,0.9313374757766724,0.06866246461868286,0,1
344,0.46635347604751587,0.5336464643478394,1,0
345,0.5204035043716431,0.47959646582603455,0,1
346,0.5545715689659119,0.4454284906387329,0,1
347,0.3974221348762512,0.6025778651237488,1,0
348,0.8159748911857605,0.18402504920959473,0,0
349,0.9274887442588806,0.0725112184882164,0,0
350,0.35361015796661377,0.6463898420333862,1,1
351,0.48880207538604736,0.5111978650093079,1,0
352,0.05388854071497917,0.9461114406585693,1,1
353,0.8614009022712708,0.13859903812408447,0,0
354,0.26150035858154297,0.7384995818138123,1,1
355,0.8500542044639587,0.14994578063488007,0,0
356,0.9441596269607544,0.05584035813808441,0,0
357,0.9847123622894287,0.015287651680409908,0,0
358,0.630851149559021,0.3691488206386566,0,1
359,0.4663394093513489,0.5336605310440063,1,0
360,0.6111001372337341,0.3888998329639435,0,0
361,0.9969723224639893,0.0030276074539870024,0,0
362,0.48327556252479553,0.5167244672775269,1,0
363,0.4419691264629364,0.5580308437347412,1,1
364,0.3781771957874298,0.6218227744102478,1,1
365,0.35000187158584595,0.649998128414154,1,1
366,0.9887037873268127,0.011296229436993599,0,0
367,0.9716805815696716,0.028319401666522026,0,0
368,0.938197135925293,0.061802927404642105,0,0
369,0.316068172454834,0.6839317679405212,1,0
370,0.03358049690723419,0.9664194583892822,1,1
371,0.3244848847389221,0.6755151748657227,1,1
372,0.04530295729637146,0.9546970725059509,1,1
373,8.47784940560814e-06,0.9999915361404419,1,1
374,0.003045536344870925,0.9969544410705566,1,1
375,0.14397861063480377,0.8560214042663574,1,1
376,0.07218409329652786,0.9278159141540527,1,0
377,0.9178500771522522,0.08214998245239258,0,1
378,0.4784213900566101,0.5215786695480347,1,0
379,0.4989650547504425,0.5010349154472351,1,1
380,0.8810855746269226,0.11891436576843262,0,0
381,0.614020824432373,0.3859790861606598,0,1
382,0.650985598564148,0.3490144610404968,0,1
383,0.5115222334861755,0.4884776771068573,0,0
384,0.8045253753662109,0.19547468423843384,0,0
385,0.6304610371589661,0.3695390224456787,0,1
386,0.5378113389015198,0.4621886610984802,0,0
387,0.9601187109947205,0.039881277829408646,0,0
388,0.058188363909721375,0.9418116211891174,1,1
389,0.8084602952003479,0.1915397346019745,0,0
390,0.4409564435482025,0.5590435266494751,1,1
391,0.01863272301852703,0.981367290019989,1,1
392,0.17095158994197845,0.8290484547615051,1,0
393,0.5242161750793457,0.4757838845252991,0,1
394,0.2282639741897583,0.7717360258102417,1,1
395,0.9837175607681274,0.01628243923187256,0,0
396,0.9895321130752563,0.01046785619109869,0,0
397,0.9970755577087402,0.0029244772158563137,0,0
398,0.19224698841571808,0.8077530264854431,1,1
399,0.982003390789032,0.01799655891954899,0,0
400,0.7308778166770935,0.2691221535205841,0,1
401,0.017363034188747406,0.9826369881629944,1,1
402,0.34285280108451843,0.6571471691131592,1,0
403,0.5300806760787964,0.4699193239212036,0,0
404,0.9991639852523804,0.0008360680658370256,0,0
405,0.8552576303482056,0.1447424292564392,0,1
406,0.9966488480567932,0.0033511368092149496,0,1
407,0.0026477831415832043,0.9973522424697876,1,1
408,3.287038634880446e-05,0.999967098236084,1,1
409,0.474927693605423,0.5250722765922546,1,0
410,5.4482141422340646e-05,0.9999455213546753,1,1
411,0.00422966293990612,0.995770275592804,1,1
412,0.002497695619240403,0.9975022673606873,1,1
413,0.0021563905756920576,0.9978436231613159,1,0
414,0.019889069721102715,0.9801109433174133,1,1
415,0.3566286861896515,0.6433713436126709,1,1
416,0.21944010257720947,0.7805598378181458,1,1
417,0.9832773804664612,0.016722634434700012,0,0
418,0.0035254345275461674,0.99647456407547,1,1
419,1.3711899100599112e-06,0.9999985694885254,1,1
420,0.5862134695053101,0.41378653049468994,0,0
421,0.9107509255409241,0.08924902230501175,0,0
422,0.002885669469833374,0.9971143007278442,1,1
423,0.7193703651428223,0.2806296646595001,0,1
424,0.00014415275654755533,0.9998558759689331,1,1
425,0.38008439540863037,0.6199155449867249,1,0
426,0.007603785488754511,0.9923961758613586,1,1
427,0.007371092215180397,0.9926289319992065,1,1
428,9.206515096593648e-05,0.9999079704284668,1,1
429,0.58661288022995,0.4133870601654053,0,0
430,0.005459640175104141,0.9945403933525085,1,1
431,0.00019901285122614354,0.999800980091095,1,1
432,0.04396582767367363,0.9560341835021973,1,0
433,0.37568601965904236,0.62431401014328,1,0
434,0.30301663279533386,0.6969833374023438,1,1
435,0.18107204139232635,0.8189279437065125,1,1
436,0.4872130751609802,0.5127869248390198,1,1
437,0.4974827766418457,0.5025172829627991,1,1
438,0.2557617127895355,0.7442383170127869,1,1
439,0.14737100899219513,0.8526289463043213,1,0
440,0.48763003945350647,0.5123699307441711,1,1
441,0.46197542548179626,0.5380245447158813,1,0
442,0.4871262311935425,0.5128737688064575,1,0
443,0.2586618959903717,0.7413381338119507,1,1
444,0.2983529269695282,0.7016471028327942,1,0
445,0.5439659953117371,0.4560340940952301,0,0
446,0.3166517913341522,0.6833482384681702,1,1
447,0.28011029958724976,0.719889760017395,1,1
448,0.5422652363777161,0.4577348232269287,0,0
449,0.5648995637893677,0.4351004660129547,0,1
450,0.8948974013328552,0.10510257631540298,0,1
451,0.15658825635910034,0.8434117436408997,1,1
452,0.28962281346321106,0.7103771567344666,1,1
453,0.604134738445282,0.395865261554718,0,0
454,0.03929176554083824,0.9607082009315491,1,1
455,0.9923650622367859,0.007634915877133608,0,0
456,0.8286470770835876,0.17135295271873474,0,1
457,0.001652092789299786,0.9983478784561157,1,1
458,0.2564114034175873,0.7435885667800903,1,0
459,0.847818911075592,0.15218107402324677,0,0
460,0.7511339783668518,0.2488660365343094,0,0
461,0.2260509729385376,0.7739490866661072,1,1
462,0.003991042263805866,0.9960089921951294,1,1
463,0.9624424576759338,0.03755757585167885,0,0
464,0.10401501506567001,0.8959850668907166,1,0
465,0.975274920463562,0.02472505159676075,0,1
466,0.9684563279151917,0.03154366835951805,0,0
467,0.1940964162349701,0.8059036135673523,1,0
468,0.9663699269294739,0.03363003581762314,0,1
469,0.24171030521392822,0.7582896947860718,1,1
470,0.9997959733009338,0.00020406651310622692,0,0
471,0.9667066931724548,0.03329325467348099,0,1
472,0.5253793001174927,0.47462067008018494,0,0
473,0.6105825304985046,0.38941746950149536,0,0
474,0.39910823106765747,0.6008917689323425,1,1
475,0.1078450083732605,0.8921549916267395,1,1
476,0.039050836116075516,0.960949182510376,1,1
477,0.3710123300552368,0.6289876103401184,1,1
478,0.31275656819343567,0.6872434020042419,1,0
479,0.19139829277992249,0.8086017370223999,1,0
480,0.6717909574508667,0.3282090723514557,0,0
481,0.3834196925163269,0.6165803074836731,1,1
482,0.48932626843452454,0.5106737017631531,1,1
483,0.5807201862335205,0.4192798435688019,0,1
484,0.4540295898914337,0.5459704399108887,1,1
485,0.399198442697525,0.6008015275001526,1,0
486,0.9253362417221069,0.07466372102499008,0,0
487,0.9000512361526489,0.09994871914386749,0,0
488,0.9873824715614319,0.0126175032928586,0,0
489,0.5199076533317566,0.4800923764705658,0,0
490,0.6489527225494385,0.3510473370552063,0,0
491,0.8055152297019958,0.19448481500148773,0,0
492,0.6759430170059204,0.3240569829940796,0,0
493,0.7234090566635132,0.27659091353416443,0,0
494,0.375844269990921,0.6241557002067566,1,1
495,0.07180769741535187,0.9281922578811646,1,1
496,0.9140392541885376,0.085960753262043,0,1
497,0.6375111937522888,0.36248886585235596,0,0
498,0.020437873899936676,0.9795621633529663,1,1
499,0.35144612193107605,0.6485538482666016,1,0
500,0.14255107939243317,0.857448935508728,1,1
501,0.008335617370903492,0.9916644096374512,1,1
502,0.4345250725746155,0.5654749274253845,1,0
503,0.6949556469917297,0.30504435300827026,0,0
504,0.8754437565803528,0.1245562732219696,0,0
505,0.7356635332107544,0.26433640718460083,0,0
506,0.8029177188873291,0.19708232581615448,0,0
507,0.7787100672721863,0.2212899625301361,0,0
508,0.3943372368812561,0.6056627631187439,1,1
509,0.023113686591386795,0.9768863320350647,1,1
510,0.8163975477218628,0.1836024522781372,0,0
511,0.12137921154499054,0.8786207437515259,1,1
512,0.4958292245864868,0.5041707754135132,1,1
513,0.2646142542362213,0.7353857755661011,1,1
514,0.09422165900468826,0.9057783484458923,1,0
515,0.07222627103328705,0.9277737140655518,1,1
516,0.5962837338447571,0.40371623635292053,0,1
517,0.9595822095870972,0.04041783884167671,0,0
518,0.9040005207061768,0.09599950164556503,0,0
519,0.8675586581230164,0.13244132697582245,0,0
520,0.7266175150871277,0.2733824849128723,0,1
521,0.5390629768371582,0.4609370529651642,0,0
522,0.7506797909736633,0.24932022392749786,0,0
523,0.4137941896915436,0.5862058401107788,1,0
524,0.9534316062927246,0.04656840115785599,0,0
525,0.4600839912891388,0.5399160981178284,1,0
526,0.8297737240791321,0.1702263057231903,0,1
527,0.6139175891876221,0.3860824406147003,0,1
528,0.9777876138687134,0.022212401032447815,0,0
529,0.6322814226150513,0.36771851778030396,0,1
530,0.9008688926696777,0.09913116693496704,0,0
531,0.4111415445804596,0.5888584852218628,1,1
532,0.03834301233291626,0.9616569876670837,1,0
533,0.9743205904960632,0.025679433718323708,0,0
534,0.7297030687332153,0.27029693126678467,0,0
535,0.10677275061607361,0.8932272791862488,1,1
536,0.711760938167572,0.2882390320301056,0,0
537,0.9475523233413696,0.052447617053985596,0,0
538,0.98759925365448,0.012400666251778603,0,0
539,0.2735072672367096,0.726492702960968,1,1
540,0.9427688121795654,0.05723113939166069,0,0
541,0.4456976652145386,0.5543022751808167,1,1
542,0.9914235472679138,0.008576513268053532,0,0
543,0.11064863950014114,0.8893514275550842,1,1
544,0.9941937327384949,0.0058062635362148285,0,0
545,0.3161493241786957,0.6838506460189819,1,1
546,0.5080189108848572,0.4919810891151428,0,1
547,0.0008074001525528729,0.9991926550865173,1,0
548,0.07697120308876038,0.923028826713562,1,0
549,0.9426894783973694,0.05731051042675972,0,0
550,0.25688305497169495,0.7431169152259827,1,1
551,0.963744580745697,0.036255430430173874,0,0
552,0.9994664788246155,0.0005335079622454941,0,1
553,0.8429093956947327,0.15709064900875092,0,0
554,0.98064124584198,0.019358819350600243,0,1
555,0.6331647038459778,0.36683526635169983,0,0
556,0.49760177731513977,0.5023981928825378,1,0
557,0.678281843662262,0.3217181861400604,0,0
558,0.5166714787483215,0.4833284914493561,0,1
559,0.7291032671928406,0.27089670300483704,0,0
560,0.7408875823020935,0.2591124176979065,0,0
561,0.9995396137237549,0.00046040554298087955,0,0
562,0.9996716976165771,0.00032835849560797215,0,0
563,0.2557341158390045,0.7442658543586731,1,1
564,0.6710587739944458,0.3289411664009094,0,1
565,0.46768003702163696,0.532319962978363,1,1
566,0.999937891960144,6.21102299191989e-05,0,0
567,0.9786513447761536,0.021348653361201286,0,0
568,0.9997361302375793,0.000263907277258113,0,0
569,0.4779975414276123,0.5220023989677429,1,0
570,0.2562696933746338,0.7437303066253662,1,1
571,0.979663074016571,0.020336903631687164,0,1
572,0.028721021488308907,0.971278965473175,1,1
573,0.007189314346760511,0.9928106665611267,1,1
574,0.31535977125167847,0.6846402287483215,1,1
575,0.447207510471344,0.5527925491333008,1,1
576,0.9574640989303589,0.04253590106964111,0,0
577,0.0011281456099823117,0.9988718628883362,1,1
578,0.7473984360694885,0.2526015341281891,0,0
579,0.0008753479924052954,0.9991247057914734,1,1
580,0.5904853940010071,0.40951457619667053,0,0
581,5.3086591833562125e-06,0.9999946355819702,1,1
582,0.00041609545587562025,0.999583899974823,1,1
583,0.5176085829734802,0.4823913872241974,0,0
584,0.8500773906707764,0.14992263913154602,0,0
585,0.17038214206695557,0.8296178579330444,1,1
586,0.9997033476829529,0.00029658558196388185,0,0
587,0.9957857728004456,0.004214180633425713,0,0
588,0.02782202512025833,0.9721779823303223,1,1
589,0.9820443391799927,0.017955679446458817,0,0
590,0.942112147808075,0.057887837290763855,0,1
591,0.10707112401723862,0.8929288983345032,1,1
592,0.9599107503890991,0.04008927941322327,0,0
593,0.0003233877650927752,0.9996765851974487,1,1
594,0.882655680179596,0.11734434217214584,0,1
595,0.1518169492483139,0.8481830358505249,1,0
596,0.6054612994194031,0.3945387303829193,0,0
597,0.7012820839881897,0.2987179458141327,0,0
598,0.0006734703201800585,0.9993265867233276,1,1
599,0.9773498177528381,0.0226502176374197,0,0
600,0.05206393823027611,0.9479359984397888,1,1
601,0.00019470523693598807,0.9998052716255188,1,1
602,0.9984845519065857,0.0015154225984588265,0,0
603,0.9025315046310425,0.09746845066547394,0,0
604,0.9937264919281006,0.0062735253013670444,0,0
605,0.09604436904191971,0.9039556384086609,1,1
606,0.005466023460030556,0.9945340156555176,1,1
607,0.05573698878288269,0.9442630410194397,1,1
608,2.167477214243263e-05,0.9999783039093018,1,1
609,0.6211219429969788,0.3788781464099884,0,0
610,0.22694051265716553,0.7730595469474792,1,1
611,0.15422461926937103,0.8457753658294678,1,1
612,0.06753848493099213,0.9324614405632019,1,1
613,0.2476290613412857,0.7523709535598755,1,0
614,0.12857553362846375,0.8714244365692139,1,1
615,0.8052715063095093,0.19472847878932953,0,1
616,0.006533319596201181,0.9934666752815247,1,1
617,0.9157801270484924,0.08421991765499115,0,0
618,0.09632246941328049,0.9036775231361389,1,1
619,5.951110870228149e-05,0.9999405145645142,1,1
620,0.8855263590812683,0.11447367072105408,0,0
621,0.9765989780426025,0.023401109501719475,0,0
622,0.034500088542699814,0.9654999375343323,1,1
623,0.08817797154188156,0.9118220806121826,1,1
624,0.010619794949889183,0.9893801212310791,1,1
625,0.8099806904792786,0.19001927971839905,0,0
626,0.005567498039454222,0.9944325089454651,1,1
627,0.8309130072593689,0.16908694803714752,0,1
628,0.000791206955909729,0.9992088675498962,1,1
629,0.9370656609535217,0.06293438374996185,0,0
630,9.357484486827161e-06,0.999990701675415,1,1
631,0.0001813354465411976,0.999818742275238,1,1
632,0.6211809515953064,0.3788190186023712,0,0
633,0.9285393953323364,0.0714605525135994,0,0
634,0.8411737084388733,0.1588263064622879,0,1
635,0.2207186073064804,0.7792813777923584,1,1
636,3.410510762691388e-11,1.0,1,1
637,1.4641604595411195e-09,1.0,1,1
638,5.875715089172576e-16,1.0,1,1
639,3.770112000367476e-11,1.0,1,0
640,0.7627666592597961,0.23723331093788147,0,1
641,0.9120007157325745,0.08799927681684494,0,0
642,0.8448469042778015,0.15515312552452087,0,0
643,0.04204307869076729,0.957956850528717,1,1
644,0.9965969920158386,0.003402969567105174,0,0
645,0.9988424181938171,0.0011575977550819516,0,0
646,0.7063210010528564,0.29367902874946594,0,1
647,0.008066114038228989,0.9919338226318359,1,1
648,0.9923065304756165,0.007693528663367033,0,0
649,0.18757499754428864,0.8124249577522278,1,1
650,0.0001557310315547511,0.9998441934585571,1,1
651,0.2100597769021988,0.7899402976036072,1,1
652,0.8866025805473328,0.11339738219976425,0,1
653,0.0017735798610374331,0.9982264637947083,1,0
654,0.22066213190555573,0.7793378829956055,1,1
655,0.43202298879623413,0.5679770708084106,1,0
656,0.06606804579496384,0.9339320063591003,1,1
657,0.05875799059867859,0.9412420392036438,1,1
658,0.38778960704803467,0.6122103333473206,1,0
659,0.983549952507019,0.01644999533891678,0,0
660,0.28537678718566895,0.7146232724189758,1,0
661,0.07816758751869202,0.9218324422836304,1,1
662,0.14211955666542053,0.8578804135322571,1,1
663,0.2830010950565338,0.7169989347457886,1,0
664,0.9960980415344238,0.0039019216783344746,0,0
665,0.7082558274269104,0.2917442321777344,0,1
666,0.9758801460266113,0.02411985769867897,0,0
667,0.9193693995475769,0.08063056319952011,0,0
668,0.3703821897506714,0.6296178102493286,1,1
669,0.016908230260014534,0.9830917716026306,1,1
670,0.9994186162948608,0.0005814016330987215,0,0
671,0.7260046005249023,0.27399536967277527,0,1
672,0.8797404170036316,0.1202596127986908,0,0
673,0.39674219489097595,0.6032577753067017,1,0
674,0.008285977877676487,0.9917140007019043,1,1
675,0.1424320489168167,0.8575679659843445,1,1
676,0.02427414432168007,0.9757258892059326,1,1
677,0.9905547499656677,0.009445284493267536,0,1
678,0.5896156430244446,0.4103843867778778,0,0
679,0.03333256021142006,0.9666674733161926,1,0
680,0.999957799911499,4.220239497954026e-05,0,0
681,0.5302377939224243,0.46976226568222046,0,1
682,0.006647463422268629,0.9933525323867798,1,1
683,0.005534466356039047,0.9944655299186707,1,1
684,0.03797036409378052,0.9620296359062195,1,1
685,0.5733923316001892,0.4266076683998108,0,0
686,0.770021915435791,0.22997808456420898,0,0
687,0.9999892711639404,1.0747000487754121e-05,0,0
688,0.9998911619186401,0.00010880867921514437,0,0
689,0.9998077750205994,0.00019219964451622218,0,0
690,0.9999995231628418,4.994356572751713e-07,0,0
691,0.9999985694885254,1.4449872196564684e-06,0,0
692,0.014412966556847095,0.9855870008468628,1,0
693,0.9929139614105225,0.0070860437117516994,0,0
694,0.003569929162040353,0.9964300990104675,1,1
695,0.029250074177980423,0.9707499146461487,1,1
696,0.1581186205148697,0.8418813943862915,1,1
697,0.30322781205177307,0.6967722177505493,1,0
698,0.9999223947525024,7.765494956402108e-05,0,1
699,0.9859225749969482,0.014077465981245041,0,0
700,3.9787235436961055e-05,0.99996018409729,1,1
701,0.13242317736148834,0.8675768375396729,1,1
702,0.18448173999786377,0.815518319606781,1,0
703,0.0974789634346962,0.902521014213562,1,0
704,0.988258957862854,0.011741025373339653,0,0
705,0.9965002536773682,0.003499756334349513,0,0
706,0.516517698764801,0.4834822714328766,0,0
707,0.9987466335296631,0.0012533145491033792,0,0
708,0.07325922697782516,0.9267407655715942,1,1
709,0.04398687556385994,0.9560131430625916,1,1
710,0.9992672801017761,0.0007327061612159014,0,0
711,0.5667572021484375,0.4332427978515625,0,1
712,0.18267324566841125,0.8173266649246216,1,1
713,0.03849145397543907,0.9615085124969482,1,1
714,0.9795774817466736,0.020422549918293953,0,0
715,0.0024685394018888474,0.9975314140319824,1,1
716,0.5306479930877686,0.46935203671455383,0,1
717,0.9999827146530151,1.7262460460187867e-05,0,0
718,0.9999959468841553,4.0378272387897596e-06,0,0
719,0.5044374465942383,0.4955625832080841,0,0
720,0.6602421998977661,0.3397578299045563,0,1
721,0.9564474821090698,0.04355248436331749,0,0
722,0.9982600808143616,0.0017399713397026062,0,0
723,0.981572151184082,0.01842779666185379,0,0
724,0.00836238730698824,0.991637647151947,1,0
725,0.9936988353729248,0.0063011362217366695,0,0
726,0.6666263937950134,0.33337363600730896,0,1
727,0.0007040291093289852,0.9992959499359131,1,1
728,0.9942785501480103,0.005721426568925381,0,0
729,0.005577229429036379,0.9944227337837219,1,1
730,0.9993330836296082,0.0006668706773780286,0,0
731,0.002536115702241659,0.9974638223648071,1,1
732,0.9990808963775635,0.0009191398276016116,0,0
733,0.9901224970817566,0.00987752340734005,0,0
734,0.8792062401771545,0.12079371511936188,0,0
735,0.9759686589241028,0.024031342938542366,0,1
736,0.9841952323913574,0.01580473594367504,0,0
737,0.9823692440986633,0.01763083226978779,0,0
738,0.977840006351471,0.02216000109910965,0,0
739,0.1530398428440094,0.846960186958313,1,1
740,0.9999926090240479,7.399217793135904e-06,0,0
741,0.5903603434562683,0.40963974595069885,0,1
742,0.9999995231628418,4.5321647235141427e-07,0,0
743,0.1934913694858551,0.8065086007118225,1,1
744,0.9957914352416992,0.00420848373323679,0,0
745,0.011491903103888035,0.9885080456733704,1,1
746,0.9086777567863464,0.09132221341133118,0,1
747,0.9993497729301453,0.0006501841126009822,0,0
748,0.9999496936798096,5.0256938266102225e-05,0,0
749,0.7955825924873352,0.20441734790802002,0,0
750,0.015785938128829002,0.9842140674591064,1,1
751,0.8701177835464478,0.12988220155239105,0,0
752,0.00018972538236994296,0.9998102784156799,1,1
753,0.9992438554763794,0.0007561626262031496,0,0
754,0.0964299887418747,0.9035700559616089,1,1
755,0.9983574748039246,0.0016424731584265828,0,0
756,0.3971869647502899,0.6028130054473877,1,0
757,0.9627351760864258,0.03726479783654213,0,0
758,0.036576345562934875,0.9634236693382263,1,1
759,0.9942371845245361,0.005762847140431404,0,0
760,0.9329884052276611,0.06701157242059708,0,0
761,0.9996484518051147,0.00035159310209564865,0,0
762,0.9999446868896484,5.526464883587323e-05,0,0
763,0.6050713062286377,0.3949287533760071,0,1
764,0.3813583254814148,0.6186416745185852,1,1
765,0.16763611137866974,0.8323638439178467,1,1
766,0.6706485748291016,0.32935139536857605,0,0
767,0.9675573706626892,0.03244263306260109,0,0
768,0.9996365308761597,0.0003634982567746192,0,0
769,0.9986914992332458,0.0013084610691294074,0,0
770,0.3974091708660126,0.6025908589363098,1,1
771,0.999678373336792,0.0003216541954316199,0,1
772,4.322380846133456e-06,0.9999957084655762,1,1
773,0.000420176686020568,0.9995798468589783,1,1
774,2.2599258954869583e-05,0.9999773502349854,1,1
775,9.082517848923999e-09,1.0,1,1
776,0.07727944850921631,0.9227206110954285,1,0
777,0.4540228843688965,0.5459771752357483,1,1
778,0.7091169357299805,0.2908830940723419,0,0
779,0.046607889235019684,0.9533920884132385,1,1
780,3.1261719414032996e-05,0.9999687671661377,1,0
781,0.4022989273071289,0.5977010130882263,1,1
782,0.602705717086792,0.3972943127155304,0,1
783,0.9847723245620728,0.015227612107992172,0,0
784,0.268097847700119,0.7319020628929138,1,0
785,0.02497382089495659,0.9750261306762695,1,1
786,0.7115848660469055,0.28841516375541687,0,0
787,0.9347747564315796,0.06522519141435623,0,0
788,0.47658613324165344,0.523413896560669,1,1
789,0.767206609249115,0.23279333114624023,0,0
790,0.2113199681043625,0.7886800169944763,1,1
791,0.123189277946949,0.8768107295036316,1,1
792,0.9997983574867249,0.0002016030193772167,0,0
793,0.9976130723953247,0.0023869641590863466,0,1
794,4.818307934328914e-05,0.9999518394470215,1,1
795,0.9969634413719177,0.003036576323211193,0,0
796,0.9312520623207092,0.0687478631734848,0,0
797,0.9751420617103577,0.024857904762029648,0,0
798,0.0009818610269576311,0.9990180730819702,1,1
799,0.09986064583063126,0.900139331817627,1,0
800,0.36298537254333496,0.6370145678520203,1,1
801,0.00023331619740929455,0.9997666478157043,1,1
802,0.5900076031684875,0.4099923372268677,0,0
803,0.9803817272186279,0.019618289545178413,0,0
804,0.9317092895507812,0.06829071789979935,0,0
805,0.40842145681381226,0.591578483581543,1,1
806,0.1352415382862091,0.8647584915161133,1,1
807,0.31517553329467773,0.6848244667053223,1,1
808,0.5169163346290588,0.48308369517326355,0,1
809,0.9981315732002258,0.0018684782553464174,0,0
810,0.0418732576072216,0.9581267833709717,1,1
811,0.08194655925035477,0.9180534482002258,1,1
812,0.023518260568380356,0.9764817357063293,1,1
813,0.8040335774421692,0.1959664225578308,0,0
814,0.05239550769329071,0.9476044774055481,1,1
815,0.4310113489627838,0.5689886808395386,1,1
816,0.6957115530967712,0.30428847670555115,0,1
817,0.0524815209209919,0.947518527507782,1,0
818,0.45568060874938965,0.5443193912506104,1,1
819,0.00017902097897604108,0.9998210072517395,1,1
820,0.38179484009742737,0.6182051301002502,1,0
821,0.2892969250679016,0.7107031345367432,1,0
822,0.19360646605491638,0.806393563747406,1,1
823,0.010037763975560665,0.9899622201919556,1,1
824,0.156574547290802,0.8434253931045532,1,1
825,0.28528469800949097,0.714715301990509,1,0
826,0.005134737119078636,0.9948652386665344,1,1
827,8.648660877952352e-05,0.9999134540557861,1,1
828,7.762415043544024e-05,0.9999223947525024,1,1
829,0.7063876986503601,0.29361236095428467,0,0
830,0.06934443861246109,0.9306555390357971,1,1
831,0.11770397424697876,0.882296085357666,1,1
832,0.23343640565872192,0.7665635943412781,1,0
833,0.9972440004348755,0.002755991416051984,0,0
834,0.0012332898331806064,0.9987667798995972,1,1
835,1.795341859178734e-06,0.9999982118606567,1,1
836,1.0847807971003931e-05,0.9999891519546509,1,1
837,1.6385985873057507e-05,0.9999836683273315,1,1
838,0.3052169382572174,0.694783091545105,1,1
839,0.00017367723921779543,0.9998263716697693,1,0
840,0.003804194275289774,0.9961957931518555,1,1
841,1.0,2.3947693605919085e-08,0,0
842,0.9999792575836182,2.0726718503283337e-05,0,0
843,0.19214686751365662,0.8078531622886658,1,1
844,0.9918321371078491,0.008167863823473454,0,0
845,0.007289843168109655,0.9927101135253906,1,0
846,0.09225859493017197,0.907741367816925,1,1
847,0.07006323337554932,0.9299367666244507,1,1
848,0.9773520827293396,0.022647922858595848,0,0
849,0.5841659307479858,0.4158340394496918,0,1
850,0.7095906734466553,0.29040926694869995,0,1
851,5.390841693042603e-07,0.9999994039535522,1,1
852,0.005660246592015028,0.9943397641181946,1,1
853,0.9036779999732971,0.09632201492786407,0,0
854,0.3337072432041168,0.6662927269935608,1,1
855,0.1487334817647934,0.8512665033340454,1,0
856,3.0299579520942643e-05,0.9999697208404541,1,1
857,0.969167947769165,0.030832096934318542,0,1
858,0.08765324205160141,0.9123467803001404,1,0
859,0.687289297580719,0.3127106726169586,0,0
860,0.883998453617096,0.11600151658058167,0,0
861,0.13158158957958221,0.8684184551239014,1,1
862,0.9531491994857788,0.046850744634866714,0,1
863,0.31870657205581665,0.6812934279441833,1,0
864,0.9943193197250366,0.005680641625076532,0,0
865,0.15560054779052734,0.8443994522094727,1,1
866,0.8366140723228455,0.16338592767715454,0,0
867,0.8833224773406982,0.11667756736278534,0,0
868,0.5802844166755676,0.41971561312675476,0,1
869,0.017439648509025574,0.9825603365898132,1,1
870,0.7243555784225464,0.27564436197280884,0,0
871,0.14000016450881958,0.8599998354911804,1,1
872,0.9504378437995911,0.04956221953034401,0,0
873,0.743361234664917,0.25663870573043823,0,0
874,0.2256767749786377,0.7743232250213623,1,1
875,0.00044722226448357105,0.9995527863502502,1,1
876,0.11705561727285385,0.8829443454742432,1,1
877,0.20804648101329803,0.7919535636901855,1,1
878,0.20835177600383759,0.7916481494903564,1,0
879,0.9170530438423157,0.08294694870710373,0,0
880,0.9766828417778015,0.02331714704632759,0,0
881,0.24811585247516632,0.7518841028213501,1,1
882,0.07243654876947403,0.9275634288787842,1,1
883,0.44643425941467285,0.5535657405853271,1,1
884,0.008144892752170563,0.9918551445007324,1,1
885,0.9989196062088013,0.0010804325575008988,0,0
886,0.36762985587120056,0.632370114326477,1,0
887,0.8804674744606018,0.1195325180888176,0,0
888,0.9999305009841919,6.944948108866811e-05,0,0
889,0.5407965779304504,0.45920342206954956,0,0
890,0.9724546670913696,0.02754528634250164,0,0
891,0.787808895111084,0.21219110488891602,0,0
892,0.99054354429245,0.009456492960453033,0,0
893,0.9999862909317017,1.3673241483047605e-05,0,0
894,0.18077561259269714,0.8192244172096252,1,1
895,0.0003185184032190591,0.9996814727783203,1,1
896,0.4617825448513031,0.5382174849510193,1,1
897,0.7659392356872559,0.23406070470809937,0,0
898,1.0071418188317693e-07,0.9999998807907104,1,1
899,0.9999986886978149,1.2728712590615032e-06,0,0
900,1.3971724001748953e-05,0.9999860525131226,1,1
901,0.00014771334826946259,0.9998522996902466,1,1
902,0.9997722506523132,0.00022778840502724051,0,0
903,0.9227473139762878,0.07725272327661514,0,0
904,0.999964714050293,3.523473787936382e-05,0,0
905,0.9681746363639832,0.03182530030608177,0,0
906,0.9999997615814209,2.3107587310278177e-07,0,0
907,0.9999998807907104,6.361530324738851e-08,0,0
908,0.007504072040319443,0.9924958944320679,1,1
909,0.00829319842159748,0.9917068481445312,1,1
910,0.9999983310699463,1.718525709293317e-06,0,0
911,0.342726469039917,0.657273530960083,1,1
912,3.384496494618361e-06,0.9999966621398926,1,1
913,0.002659620949998498,0.9973403811454773,1,1
914,0.999992847442627,7.129107416403713e-06,0,0
915,1.533520865848459e-08,1.0,1,1
916,0.00626627029851079,0.9937337040901184,1,1
917,0.999970555305481,2.9483955586329103e-05,0,0
918,0.984148383140564,0.015851669013500214,0,0
919,0.8136695027351379,0.18633049726486206,0,0
920,0.16106699407100677,0.8389330506324768,1,1
921,0.9989619255065918,0.0010380790336057544,0,0
922,5.766011599916965e-05,0.9999423027038574,1,0
923,1.0,2.467168414010956e-10,0,0
924,0.9999632835388184,3.669457873911597e-05,0,0
925,0.9995631575584412,0.000436818809248507,0,0
926,0.9402406215667725,0.05975937098264694,0,1
927,0.5024979710578918,0.49750199913978577,0,1
928,0.9892314076423645,0.010768657550215721,0,0
929,0.410878986120224,0.5891210436820984,1,1
930,0.9999830722808838,1.69804352481151e-05,0,0
931,0.32451051473617554,0.6754894852638245,1,1
932,0.5150555372238159,0.4849443733692169,0,0
933,0.5585430860519409,0.4414569139480591,0,0
934,0.9058485627174377,0.09415140748023987,0,0
935,0.013952797278761864,0.9860471487045288,1,1
936,0.9458643794059753,0.054135654121637344,0,0
937,0.9999518394470215,4.821406037081033e-05,0,0
938,0.9999316930770874,6.825407763244584e-05,0,0
939,4.925514440401457e-05,0.9999507665634155,1,1
940,0.9875162839889526,0.012483719736337662,0,0
941,0.016708415001630783,0.9832915663719177,1,1
942,0.9999624490737915,3.757752347155474e-05,0,0
943,0.011707666330039501,0.988292396068573,1,1
944,0.9990905523300171,0.000909472699277103,0,0
945,0.8964846134185791,0.10351543873548508,0,1
946,0.01322382315993309,0.9867761731147766,1,1
947,0.9999997615814209,2.2476623939837737e-07,0,0
948,0.9849374890327454,0.015062588267028332,0,0
949,0.9999991655349731,8.038766168283473e-07,0,0
950,0.000870057730935514,0.9991299510002136,1,1
951,0.0002754027664195746,0.9997245669364929,1,0
952,0.20940539240837097,0.7905945777893066,1,1
953,0.914353609085083,0.08564641326665878,0,0
954,0.9233196973800659,0.07668033242225647,0,1
955,0.46395838260650635,0.5360415577888489,1,0
956,0.9795942902565002,0.020405683666467667,0,0
957,0.9968605041503906,0.0031395438127219677,0,0
958,0.22975964844226837,0.770240306854248,1,1
959,0.9959326386451721,0.004067343659698963,0,0
960,0.9995005130767822,0.000499464338645339,0,0
961,0.9901903867721558,0.009809534065425396,0,0
962,0.9999710321426392,2.89271556539461e-05,0,0
963,9.928604413289577e-05,0.9999006986618042,1,1
964,0.002109697787091136,0.997890293598175,1,1
965,0.4896222651004791,0.5103777050971985,1,1
966,0.9705910682678223,0.029408901929855347,0,0
967,0.9104389548301697,0.0895610824227333,0,0
968,0.4155726134777069,0.5844274163246155,1,0
969,0.9978949427604675,0.0021051131188869476,0,0
970,0.023665064945816994,0.9763349294662476,1,1
971,0.00566071318462491,0.9943392872810364,1,1
972,0.002733036410063505,0.9972670078277588,1,1
973,0.00455585028976202,0.9954441785812378,1,1
974,0.7603926658630371,0.2396073043346405,0,1
975,0.4469841420650482,0.5530158877372742,1,1
976,0.1349073052406311,0.8650926351547241,1,0
977,0.982528805732727,0.017471199855208397,0,1
978,0.9703054428100586,0.029694577679038048,0,0
979,0.39262354373931885,0.6073763966560364,1,1
980,0.7160584926605225,0.28394150733947754,0,0
981,1.4061787396713044e-06,0.9999985694885254,1,1
982,0.9697069525718689,0.03029305674135685,0,1
983,0.9999712705612183,2.87788498098962e-05,0,0
984,0.4466610550880432,0.5533390045166016,1,0
985,0.5156813263893127,0.4843186140060425,0,1
986,0.9945308566093445,0.005469225812703371,0,0
987,0.971603512763977,0.028396500274538994,0,0
988,5.106089520268142e-05,0.9999489784240723,1,1
989,0.9999747276306152,2.5281196940341033e-05,0,0
990,0.0006343721179291606,0.9993656277656555,1,1
991,1.4920876765245339e-06,0.9999984502792358,1,1
992,0.20764823257923126,0.7923517823219299,1,0
993,1.2516659353423165e-06,0.9999988079071045,1,1
994,0.9998786449432373,0.00012139143655076623,0,1
995,0.9387316107749939,0.06126838177442551,0,0
996,0.8377727270126343,0.1622273474931717,0,0
997,0.21335382759571075,0.7866461277008057,1,0
998,0.02500036545097828,0.9749996066093445,1,1
999,1.0,2.8479420211002804e-11,0,0
1000,1.644245806176059e-08,1.0,1,1
1001,0.9666762948036194,0.03332372009754181,0,1
1002,0.9998682737350464,0.00013168601435609162,0,0
1003,0.9355915188789368,0.06440850347280502,0,0
1004,0.001289290259592235,0.9987107515335083,1,0
1005,0.0370369628071785,0.9629630446434021,1,1
1006,0.011442785151302814,0.9885572195053101,1,1
1007,0.28397589921951294,0.7160241603851318,1,1
1008,0.3368913233280182,0.663108766078949,1,1
1009,0.9999985694885254,1.4205904790287605e-06,0,0
1010,2.7427846362115815e-05,0.9999725818634033,1,1
1011,0.0020288301166146994,0.9979711174964905,1,1
1012,7.616658876941074e-07,0.9999992847442627,1,1
1013,0.6011491417884827,0.39885085821151733,0,0
1014,0.2518576383590698,0.748142421245575,1,1
1015,0.00037627111305482686,0.9996236562728882,1,1
1016,0.3992559611797333,0.6007440686225891,1,1
1017,0.9811727404594421,0.01882730796933174,0,0
1018,1.2147133929829579e-05,0.9999878406524658,1,1
1019,0.0006518512964248657,0.9993481040000916,1,1
1020,0.9711823463439941,0.028817588463425636,0,0
1021,0.9074519872665405,0.0925479605793953,0,0
1022,0.011462360620498657,0.9885376691818237,1,1
1023,1.0396296602266375e-05,0.9999896287918091,1,1
1024,0.159892737865448,0.840107262134552,1,1
1025,0.9999258518218994,7.414889114443213e-05,0,0
1026,0.026245322078466415,0.9737546443939209,1,1
1027,3.0977907954365946e-06,0.9999969005584717,1,1
1028,7.215728708986902e-11,1.0,1,1
1029,0.10166310518980026,0.8983368873596191,1,0
1030,0.00023574550868943334,0.9997642636299133,1,1
1031,3.8725422200514004e-05,0.999961256980896,1,1
1032,0.9880289435386658,0.011971077881753445,0,0
1033,0.9997503161430359,0.0002497384848538786,0,0
1034,1.5329087545978837e-05,0.999984622001648,1,1
1035,5.798699930892326e-05,0.9999420642852783,1,1
1036,0.01554667018353939,0.9844533801078796,1,1
1037,2.4125585696310736e-05,0.9999759197235107,1,1
1038,0.0001388423697790131,0.9998611211776733,1,1
1039,0.9911541938781738,0.00884579960256815,0,0
1040,8.647498361824546e-06,0.9999912977218628,1,1
1041,0.9999992847442627,7.259761787281604e-07,0,0
1042,0.9999581575393677,4.1831521230051294e-05,0,0
1043,6.973844847379951e-06,0.9999929666519165,1,1
1044,0.9989874958992004,0.0010124375112354755,0,0
1045,0.9991151690483093,0.0008848659927025437,0,0
1046,0.007977225817739964,0.9920227527618408,1,1
1047,8.133281517075375e-05,0.9999186992645264,1,1
1048,0.2663015127182007,0.7336984872817993,1,0
1049,0.003805224783718586,0.9961948394775391,1,1
1050,0.011429819278419018,0.9885701537132263,1,1
1051,1.3171332113870449e-07,0.9999998807907104,1,1
1052,0.00202769972383976,0.997972309589386,1,1
1053,0.9999960660934448,3.924824341083877e-06,0,0
1054,0.00642797164618969,0.9935719966888428,1,1
1055,1.0,2.5797478042655086e-10,0,0
1056,0.015328232198953629,0.9846717715263367,1,1
1057,0.1567813754081726,0.8432186245918274,1,1
1058,0.15813787281513214,0.841862142086029,1,0
1059,0.9999988079071045,1.1338884178258013e-06,0,0
1060,1.0,1.7116513068016204e-11,0,0
1061,0.017812296748161316,0.9821877479553223,1,1
1062,0.25603631138801575,0.7439635992050171,1,1
1063,1.0,1.3165348811128297e-08,0,0
1064,0.9199699759483337,0.08003008365631104,0,0
1065,0.004439009353518486,0.9955610036849976,1,1
1066,0.9999996423721313,3.033266295915382e-07,0,0
1067,0.9999853372573853,1.4626654774474446e-05,0,0
1068,0.0003286033752374351,0.999671459197998,1,1
1069,3.6391975299920887e-07,0.9999996423721313,1,1
1070,0.9998778104782104,0.00012222331133671105,0,0
1071,0.4622098505496979,0.5377901792526245,1,1
1072,0.9970877766609192,0.0029121891129761934,0,0
1073,0.9945797920227051,0.00542027410119772,0,0
1074,0.2537032961845398,0.7462967038154602,1,1
1075,2.1479096279364285e-09,1.0,1,1
1076,1.1765068030911152e-08,1.0,1,1
1077,0.011093859560787678,0.9889061450958252,1,1
1078,0.7843369841575623,0.21566298604011536,0,0
1079,0.9996620416641235,0.00033797105425037444,0,0
1080,0.9997132420539856,0.0002867157163564116,0,0
1081,6.361851410474628e-05,0.9999363422393799,1,1
1082,0.00021088970242999494,0.9997891783714294,1,1
1083,2.069444690278033e-06,0.9999979734420776,1,1
1084,4.950113361701369e-05,0.9999505281448364,1,1
1085,0.0001370895333820954,0.9998629093170166,1,0
1086,0.9988756775856018,0.001124326721765101,0,0
1087,0.9269133806228638,0.07308656722307205,0,0
1088,0.9996976852416992,0.00030234147561714053,0,0
1089,0.9998134970664978,0.00018650190031621605,0,0
1090,0.9999264478683472,7.353038381552324e-05,0,0
1091,0.9564077258110046,0.04359233006834984,0,0
1092,0.999907374382019,9.264596155844629e-05,0,0
1093,1.0,5.301257696710415e-11,0,0
1094,0.027056284248828888,0.9729437232017517,1,1
1095,0.03482218086719513,0.9651777744293213,1,1
1096,3.788813728533569e-06,0.9999961853027344,1,1
1097,1.0,2.0228542396694138e-08,0,0
1098,0.0022613785695284605,0.9977385997772217,1,1
1099,0.9999957084655762,4.2433166527189314e-06,0,0
1100,0.21036016941070557,0.7896398901939392,1,1
1101,0.007370976731181145,0.9926290512084961,1,1
1102,0.8863797187805176,0.11362025886774063,0,0
1103,0.9988735318183899,0.0011264977511018515,0,0
1104,0.23915669322013855,0.7608433365821838,1,0
1105,1.0,2.1075960532357385e-08,0,0
1106,0.9799231886863708,0.020076854154467583,0,0
1107,0.9989640712738037,0.001035938155837357,0,0
1108,0.07751236855983734,0.9224876165390015,1,1
1109,0.0010680549312382936,0.9989319443702698,1,1
1110,0.9996721744537354,0.0003278752265032381,0,0
1111,0.21060965955257416,0.7893903255462646,1,1
1112,0.08389720320701599,0.9161028265953064,1,1
1113,2.5437262252125947e-07,0.9999997615814209,1,1
1114,0.9967544674873352,0.0032455394975841045,0,0
1115,0.006426394451409578,0.9935736060142517,1,1
1116,0.16546298563480377,0.8345370888710022,1,1
1117,0.980979859828949,0.01902015507221222,0,0
1118,0.7949985265731812,0.20500151813030243,0,0
1119,0.20431022346019745,0.7956897616386414,1,0
1120,0.022244028747081757,0.9777559041976929,1,1
1121,0.9999241828918457,7.576352072646841e-05,0,0
1122,0.9998830556869507,0.00011690807878039777,0,0
1123,0.9996188879013062,0.00038107423461042345,0,0
1124,0.9999659061431885,3.412301521166228e-05,0,0
1125,0.5888333320617676,0.4111666679382324,0,0
1126,0.4763288199901581,0.5236710906028748,1,1
1127,0.03870563209056854,0.9612942934036255,1,1
1128,0.9989193677902222,0.0010806703940033913,0,0
1129,0.5029030442237854,0.4970968961715698,0,1
1130,0.005774382501840591,0.9942256808280945,1,0
1131,0.640474796295166,0.3595251739025116,0,1
1132,0.999998927116394,1.1216609436814906e-06,0,0
1133,0.16544944047927856,0.8345506191253662,1,0
1134,0.9997890591621399,0.000210901940590702,0,0
1135,0.798994243144989,0.201005756855011,0,1
1136,0.9999970197677612,2.95294057650608e-06,0,0
1137,0.9990204572677612,0.0009795645019039512,0,0
1138,0.5086826086044312,0.49131736159324646,0,0
1139,0.738944947719574,0.26105499267578125,0,1
1140,0.9786641597747803,0.02133587747812271,0,0
1141,0.41798779368400574,0.5820122361183167,1,1
1142,0.9857785701751709,0.01422142330557108,0,0
1143,0.5051301717758179,0.4948698580265045,0,1
1144,0.9999854564666748,1.4585703866032418e-05,0,0
1145,0.46278494596481323,0.5372150540351868,1,1
1146,0.16548845171928406,0.8345115780830383,1,1
1147,0.6859225034713745,0.3140774965286255,0,0
1148,0.9307953715324402,0.0692046508193016,0,0
1149,0.9413361549377441,0.05866385996341705,0,0
1150,0.00011051491310354322,0.9998894929885864,1,1
1151,0.9797900915145874,0.02020989917218685,0,0
1152,0.4591638743877411,0.5408360958099365,1,1
1153,0.9986779093742371,0.001322039868682623,0,0
1154,0.08492846041917801,0.9150715470314026,1,1
1155,0.9989494681358337,0.0010505609679967165,0,0
1156,0.9996716976165771,0.00032833032310009,0,0
1157,0.9998738765716553,0.0001260758872376755,0,0
1158,0.11558748036623001,0.8844124674797058,1,1
1159,0.0613403283059597,0.93865966796875,1,0
1160,0.9934793710708618,0.006520586553961039,0,0
1161,0.8208109140396118,0.17918910086154938,0,0
1162,0.9999994039535522,6.213513756847533e-07,0,0
1163,0.010819821618497372,0.9891802072525024,1,1
1164,3.893093776241585e-07,0.9999996423721313,1,1
1165,0.21480512619018555,0.7851949334144592,1,1
1166,0.982727587223053,0.017272425815463066,0,0
1167,0.9999978542327881,2.18113154915045e-06,0,0
1168,0.9999349117279053,6.505049532279372e-05,0,0
1169,0.9995033740997314,0.0004966718261130154,0,0
1170,0.0018303729593753815,0.9981696605682373,1,1
1171,5.749730462412117e-06,0.9999942779541016,1,1
1172,2.3641192456125282e-05,0.999976396560669,1,1
1173,4.7995785280363634e-05,0.999951958656311,1,1
1174,0.7850447297096252,0.21495531499385834,0,1
1175,0.0035352222621440887,0.996464729309082,1,1
1176,0.9998728036880493,0.00012714712647721171,0,0
1177,1.619085560378153e-05,0.9999837875366211,1,1
1178,0.9990615248680115,0.0009385022567585111,0,0
1179,5.031109253650357e-07,0.9999995231628418,1,1
1180,0.9997414946556091,0.00025853535044007003,0,0
1181,0.47322559356689453,0.5267744064331055,1,1
1182,0.184240460395813,0.815759539604187,1,1
1183,0.0013796259881928563,0.9986203908920288,1,0
1184,0.996446430683136,0.0035535963252186775,0,0
1185,0.297317773103714,0.7026822566986084,1,1
1186,0.976550281047821,0.02344970777630806,0,0
1187,0.9224973917007446,0.07750258594751358,0,0
1188,0.5701325535774231,0.4298674166202545,0,1
1189,0.9999450445175171,5.49880278413184e-05,0,0
1190,0.013966396450996399,0.9860336184501648,1,1
1191,0.0001104132752516307,0.999889612197876,1,1
1192,0.9999253749847412,7.459342305082828e-05,0,0
1193,0.0012498664436861873,0.9987500905990601,1,1
1194,0.5968570709228516,0.40314292907714844,0,1
1195,0.9756130576133728,0.024386975914239883,0,0
1196,0.979850709438324,0.0201492328196764,0,0
1197,0.9996084570884705,0.0003915179695468396,0,0
1198,0.3359166979789734,0.6640833020210266,1,1
1199,0.029989834874868393,0.9700101613998413,1,0
1200,1.9344208794791484e-06,0.9999980926513672,1,1
1201,0.08878283202648163,0.911217212677002,1,1
1202,1.0,1.255143988743157e-09,0,0
1203,0.999995231628418,4.70886971015716e-06,0,0
1204,0.9997473359107971,0.00025266059674322605,0,0
1205,0.00011514706420712173,0.999884843826294,1,1
1206,0.003638779278844595,0.9963611960411072,1,1
1207,1.590294596098829e-05,0.9999841451644897,1,1
1208,0.2261863499879837,0.7738136649131775,1,1
1209,0.9987930059432983,0.0012069880031049252,0,0
1210,9.036727419697854e-07,0.9999990463256836,1,1
1211,4.545831870927941e-06,0.9999954700469971,1,1
1212,7.908472765549845e-10,1.0,1,1
1213,0.9999995231628418,4.6919248575250094e-07,0,0
1214,6.05291594624191e-09,1.0,1,1
1215,8.669925932736078e-08,0.9999998807907104,1,1
1216,0.11688470095396042,0.883115291595459,1,1
1217,0.9993593096733093,0.0006406771717593074,0,0
1218,1.3935280880617018e-11,1.0,1,1
1219,4.894208132100175e-07,0.9999995231628418,1,1
1220,0.9855597019195557,0.0144402626901865,0,0
1221,0.999798595905304,0.0002014429628616199,0,0
1222,0.0003330332401674241,0.9996669292449951,1,1
1223,4.481257292354712e-06,0.9999954700469971,1,1
1224,3.19390580649781e-09,1.0,1,1
1225,1.0,2.9800244494282424e-09,0,0
1226,0.779183030128479,0.2208169847726822,0,1
1227,4.3685752793010124e-09,1.0,1,1
1228,5.55859559769889e-11,1.0,1,1
1229,0.9999998807907104,1.5779060902332276e-07,0,0
1230,2.459103961882647e-05,0.9999754428863525,1,1
1231,0.0015481329755857587,0.998451828956604,1,1
1232,0.9856762886047363,0.014323652721941471,0,0
1233,0.9995067119598389,0.0004933154559694231,0,0
1234,1.0252673746435903e-05,0.9999897480010986,1,1
1235,0.0009889784269034863,0.9990110397338867,1,1
1236,1.9864333808072843e-05,0.999980092048645,1,1
1237,0.002251500030979514,0.9977484345436096,1,1
1238,9.452028461964801e-05,0.9999054670333862,1,1
1239,0.9999977350234985,2.255045046695159e-06,0,0
1240,1.3221898598203552e-07,0.9999998807907104,1,1
1241,0.9916881918907166,0.008311855606734753,0,0
1242,0.999976634979248,2.3344588043983094e-05,0,0
1243,4.464072844712064e-06,0.9999955892562866,1,1
1244,0.9999974966049194,2.4550515718146926e-06,0,0
1245,0.28562766313552856,0.7143723368644714,1,0
1246,5.179905475090427e-15,1.0,1,1
1247,1.3030938816882554e-06,0.9999986886978149,1,1
1248,0.9807652831077576,0.01923474483191967,0,0
1249,1.564313407698137e-07,0.9999998807907104,1,1
1250,1.2653778469484678e-07,0.9999998807907104,1,1
1251,3.3821979172898864e-07,0.9999996423721313,1,1
1252,4.67851623398019e-06,0.9999953508377075,1,1
1253,0.9999997615814209,2.423985847599397e-07,0,0
1254,1.647732089660181e-10,1.0,1,1
1255,0.9999995231628418,5.346514626580756e-07,0,0
1256,1.902130008880963e-16,1.0,1,1
1257,0.0006943358457647264,0.9993056058883667,1,1
1258,1.0,5.221835408519837e-08,0,0
1259,0.9931348562240601,0.006865087430924177,0,0
1260,1.0,8.70647909323452e-09,0,0
1261,0.00018712035671342164,0.99981290102005,1,1
1262,9.268271242035553e-05,0.9999072551727295,1,1
1263,0.9999994039535522,5.666923925673473e-07,0,0
1264,0.9840042591094971,0.015995683148503304,0,0
1265,1.0344972627010854e-13,1.0,1,1
1266,1.0,6.33058938603881e-09,0,0
1267,0.02715073712170124,0.9728493094444275,1,0
1268,2.3274678824236616e-05,0.9999767541885376,1,1
1269,6.457135441451101e-06,0.9999935626983643,1,1
1270,0.9946221113204956,0.0053778658621013165,0,0
1271,0.9880829453468323,0.011917077004909515,0,1
1272,0.9997459053993225,0.0002541416324675083,0,0
1273,0.9998863935470581,0.00011361726501490921,0,0
1274,0.0002989495114888996,0.9997010231018066,1,1
1275,1.8623628648128943e-06,0.9999980926513672,1,1
1276,0.00011373281449778005,0.9998862743377686,1,1
1277,0.004790700040757656,0.995209276676178,1,1
1278,0.867124617099762,0.13287539780139923,0,0
1279,0.9973567724227905,0.002643306739628315,0,0
1280,0.9319785237312317,0.06802155822515488,0,0
1281,0.1890573799610138,0.8109426498413086,1,1
1282,2.2080181224737316e-05,0.9999779462814331,1,1
1283,0.02086731605231762,0.9791327118873596,1,1
1284,3.922089675256757e-08,1.0,1,1
1285,0.9734249114990234,0.026575054973363876,0,0
1286,1.0,9.407177259390664e-10,0,0
1287,0.9999985694885254,1.4738213849341264e-06,0,0
1288,0.9999997615814209,2.0202655548473558e-07,0,0
1289,1.0,2.125561705812462e-11,0,0
1290,0.9999877214431763,1.2236100701557007e-05,0,0
1291,0.9999940395355225,5.919196155446116e-06,0,0
1292,0.9999138116836548,8.619104482932016e-05,0,0
1293,0.9999880790710449,1.1869245099660475e-05,0,0
1294,0.00019308095215819776,0.9998069405555725,1,1
1295,0.013899660669267178,0.9861003756523132,1,1
1296,0.5410969257354736,0.45890313386917114,0,1
1297,0.9998866319656372,0.00011333462316542864,0,0
1298,4.998453474042153e-12,1.0,1,1
1299,0.9983561635017395,0.0016437794547528028,0,0
1300,1.8822124303596866e-08,1.0,1,1
1301,7.869229492205379e-14,1.0,1,1
1302,0.6052279472351074,0.3947720527648926,0,0
1303,0.999176561832428,0.0008234460838139057,0,0
1304,0.924051821231842,0.07594821602106094,0,0
1305,0.9999998807907104,9.96048257206894e-08,0,0
1306,0.9426320791244507,0.0573679655790329,0,0
1307,0.9868724346160889,0.013127602636814117,0,0
1308,0.010433337651193142,0.9895666837692261,1,1
1309,8.043037269089837e-06,0.9999920129776001,1,1
1310,0.9930455088615417,0.00695451907813549,0,0
1311,0.00021573662525042892,0.9997842907905579,1,1
1312,2.0316942572762287e-11,1.0,1,1
1313,0.014700490050017834,0.9852994680404663,1,1
1314,0.02192971482872963,0.9780703186988831,1,0
1315,0.9458969831466675,0.05410304293036461,0,1
1316,3.2637146318847954e-07,0.9999996423721313,1,1
1317,0.9999659061431885,3.4103853977285326e-05,0,0
1318,0.9996486902236938,0.0003512523544486612,0,0
1319,0.9995158910751343,0.00048412056639790535,0,0
1320,8.686442924954463e-07,0.9999991655349731,1,1
1321,0.15380972623825073,0.846190333366394,1,0
1322,0.9993357062339783,0.0006642858497798443,0,0
1323,0.9999998807907104,7.408923607954421e-08,0,0
1324,0.9995262622833252,0.0004737400449812412,0,0
1325,0.9997729659080505,0.00022700872796121985,0,0
1326,0.0006063515320420265,0.9993935823440552,1,1
1327,0.2474556416273117,0.7525443434715271,1,1
1328,0.956950306892395,0.04304972663521767,0,0
1329,0.004360876977443695,0.9956390857696533,1,1
1330,0.9999905824661255,9.414161468157545e-06,0,0
1331,0.48728933930397034,0.512710690498352,1,1
1332,1.0,1.5892159810348971e-09,0,0
1333,0.9990618824958801,0.0009380730916745961,0,0
1334,0.9997604489326477,0.00023955937649589032,0,0
1335,0.38741835951805115,0.6125816702842712,1,1
1336,0.32350218296051025,0.6764978170394897,1,0
1337,0.9999960660934448,3.978906079282751e-06,0,0
1338,0.998668909072876,0.0013311064103618264,0,0
1339,0.0004887452232651412,0.9995112419128418,1,1
1340,0.9996938705444336,0.000306133326375857,0,0
1341,0.42335769534111023,0.5766423940658569,1,1
1342,0.9994452595710754,0.0005547638284042478,0,0
1343,4.086569242645055e-05,0.9999591112136841,1,1
1344,0.9989961981773376,0.0010038050822913647,0,0
1345,1.8332451645619585e-07,0.9999997615814209,1,1
1346,0.05566328763961792,0.9443367123603821,1,1
1347,0.7739492058753967,0.22605080902576447,0,0
1348,0.9999998807907104,9.223544594760824e-08,0,0
1349,0.9999191761016846,8.07724500191398e-05,0,0
1350,9.142902220024888e-16,1.0,1,1
1351,0.9999974966049194,2.455140474921791e-06,0,0
1352,0.34867504239082336,0.6513249278068542,1,1
1353,0.9999521970748901,4.782144969794899e-05,0,0
1354,0.008996501564979553,0.9910035133361816,1,1
1355,0.999994158744812,5.80749974687933e-06,0,0
1356,0.9999066591262817,9.335952927358449e-05,0,0
1357,0.9999750852584839,2.489193866495043e-05,0,0
1358,4.466506453582042e-08,1.0,1,1
1359,0.46431025862693787,0.5356897115707397,1,0
1360,0.9999982118606567,1.782639969860611e-06,0,0
1361,0.9988396763801575,0.001160387066192925,0,0
1362,0.9986070990562439,0.0013929397100582719,0,0
1363,9.30570941484743e-13,1.0,1,1
1364,0.00023451942251995206,0.9997654557228088,1,1
1365,1.5088820859432417e-08,1.0,1,1
1366,1.0,2.235356344471029e-09,0,0
1367,1.0,1.0266040462170167e-08,0,0
1368,1.0,4.356580374231811e-11,0,0
1369,0.37930020689964294,0.6206997632980347,1,0
1370,6.129433813839569e-07,0.9999994039535522,1,1
1371,0.29346027970314026,0.7065396904945374,1,1
1372,7.226885062605604e-11,1.0,1,1
1373,0.09147356450557709,0.9085264205932617,1,1
1374,2.718810065971411e-08,1.0,1,1
1375,6.326152387445836e-15,1.0,1,1
1376,0.016904504969716072,0.9830954670906067,1,0
1377,0.9987994432449341,0.001200563507154584,0,1
1378,0.9999997615814209,1.9158488839821075e-07,0,0
1379,0.0026036198250949383,0.9973963499069214,1,1
1380,0.9999992847442627,6.58969554478972e-07,0,0
1381,0.05358300358057022,0.9464170336723328,1,1
1382,4.62813040940091e-05,0.9999537467956543,1,1
1383,0.9965142607688904,0.0034858037251979113,0,0
1384,1.0,1.4230982614549248e-08,0,0
1385,1.5421411977273314e-12,1.0,1,1
1386,0.8814418315887451,0.11855817586183548,0,0
1387,0.9999985694885254,1.4436539004236693e-06,0,0
1388,0.825547993183136,0.1744520366191864,0,1
1389,1.0,3.7360578630796226e-08,0,0
1390,8.14397244252625e-16,1.0,1,1
1391,9.87689205596276e-14,1.0,1,1
1392,0.987869918346405,0.012130049988627434,0,0
1393,3.2888484145267294e-13,1.0,1,1
1394,1.6228234132888226e-18,1.0,1,1
1395,0.999995231628418,4.789587364939507e-06,0,0
1396,0.9999966621398926,3.37269716510491e-06,0,0
1397,0.998359739780426,0.0016402587061747909,0,0
1398,7.875000207491212e-09,1.0,1,1
1399,0.9655507206916809,0.034449297934770584,0,0
1400,4.0189643280008625e-10,1.0,1,1
1401,7.725984296769184e-09,1.0,1,1
1402,0.007530537433922291,0.9924694895744324,1,0
1403,1.0,2.3713644381473387e-09,0,0
1404,0.9843302369117737,0.015669774264097214,0,0
1405,1.9015593579752021e-06,0.9999980926513672,1,1
1406,0.025113284587860107,0.9748867750167847,1,1
1407,1.0455009942234028e-06,0.999998927116394,1,1
1408,0.008980784565210342,0.9910191893577576,1,1
1409,1.0,1.042143734047811e-13,0,0
1410,0.5958701968193054,0.40412986278533936,0,1
1411,0.0004355811106506735,0.9995643496513367,1,1
1412,0.0007473232108168304,0.9992526173591614,1,1
1413,0.9999920129776001,7.935108442325145e-06,0,0
1414,2.561848996829319e-11,1.0,1,1
1415,0.009339600801467896,0.9906603693962097,1,1
1416,7.718973938608542e-05,0.9999227523803711,1,1
1417,1.0,3.753807931161646e-08,0,0
1418,2.4810221930238185e-06,0.9999974966049194,1,1
1419,0.14301876723766327,0.8569812178611755,1,1
1420,0.07137501239776611,0.9286250472068787,1,0
1421,1.0,1.621423106890063e-09,0,0
1422,0.015217547304928303,0.9847823977470398,1,1
1423,1.630854853829078e-06,0.9999983310699463,1,1
1424,0.9701526165008545,0.029847370460629463,0,1
1425,0.9999997615814209,2.6475021286387346e-07,0,0
1426,7.4194380431436e-05,0.9999258518218994,1,1
1427,0.00030270981369540095,0.9996973276138306,1,1
1428,1.5942016034387052e-05,0.9999840259552002,1,1
1429,0.9999921321868896,7.890685083111748e-06,0,0
1430,0.7066934704780579,0.29330646991729736,0,1
1431,2.9626851755892858e-05,0.9999703168869019,1,1
1432,0.010157866403460503,0.9898421168327332,1,0
1433,1.0,2.0729418181986148e-09,0,0
1434,0.007346034981310368,0.9926539659500122,1,1
1435,0.004011619370430708,0.9959884285926819,1,1
1436,0.029797030612826347,0.9702029824256897,1,1
1437,0.9996116757392883,0.0003883188765030354,0,1
1438,1.3062066273050732e-07,0.9999998807907104,1,1
1439,0.973629891872406,0.026370126754045486,0,0
1440,0.24490277469158173,0.7550972700119019,1,1
1441,0.9948587417602539,0.005141308531165123,0,0
1442,0.9818805456161499,0.018119443207979202,0,0
1443,0.2821923792362213,0.7178076505661011,1,1
1444,0.9896089434623718,0.010391059331595898,0,0
1445,0.021841516718268394,0.9781584739685059,1,0
1446,3.312091575935483e-05,0.9999668598175049,1,1
1447,0.004775530658662319,0.9952244758605957,1,1
1448,0.9917269945144653,0.008273010142147541,0,0
1449,0.31187576055526733,0.6881242990493774,1,1
1450,0.001155484700575471,0.9988445043563843,1,1
1451,0.012105317786335945,0.9878947138786316,1,1
1452,0.05598108470439911,0.9440189599990845,1,1
1453,1.0,3.1925597721027543e-09,0,0
1454,0.11439531296491623,0.8856046795845032,1,1
1455,0.9999780654907227,2.199200571340043e-05,0,0
1456,0.005154930520802736,0.9948450326919556,1,1
1457,2.544439610119298e-07,0.9999997615814209,1,1
1458,0.5166456699371338,0.483354389667511,0,0
1459,0.9998020529747009,0.00019798816356342286,0,0
1460,0.9989664554595947,0.0010335368569940329,0,0
1461,0.004836590960621834,0.9951634407043457,1,1
1462,3.446846696952832e-10,1.0,1,1
1463,0.9958046078681946,0.004195461515337229,0,0
1464,0.9974029660224915,0.0025970519054681063,0,0
1465,0.0005790665163658559,0.9994210004806519,1,1
1466,0.9999997615814209,2.731305812631035e-07,0,0
1467,0.2870566248893738,0.7129433155059814,1,0
1468,0.0012491618981584907,0.9987508058547974,1,1
1469,6.014810502961987e-13,1.0,1,1
1470,0.9999984502792358,1.5653804439352825e-06,0,0
1471,9.656880865804851e-05,0.9999034404754639,1,1
1472,1.0,2.176275822149843e-14,0,0
1473,0.9979329109191895,0.002067102352157235,0,0
1474,0.007977820932865143,0.9920221567153931,1,1
1475,0.031115015968680382,0.9688849449157715,1,1
1476,6.611835523528953e-10,1.0,1,1
1477,0.0003463853499852121,0.9996535778045654,1,1
1478,0.9999942779541016,5.778617378382478e-06,0,0
1479,1.0,1.6327202700949783e-08,0,0
1480,0.9999146461486816,8.536164386896417e-05,0,0
1481,0.025536304339766502,0.9744636416435242,1,1
1482,6.800237173365531e-08,0.9999998807907104,1,1
1483,0.001058918540365994,0.9989411234855652,1,1
1484,0.00044824229553341866,0.9995517134666443,1,1
1485,1.0,1.1187379556763284e-16,0,0
1486,1.0,2.1214163758997984e-09,0,0
1487,0.9999850988388062,1.491613238613354e-05,0,0
1488,1.0,2.602492665815248e-09,0,0
1489,0.9981525540351868,0.001847455045208335,0,0
1490,0.9999995231628418,4.304230287743849e-07,0,0
1491,0.9973760843276978,0.002623950596898794,0,0
1492,0.9998589754104614,0.00014095671940594912,0,0
1493,1.0,3.848468784861496e-15,0,0
1494,1.1934792482634973e-14,1.0,1,1
1495,1.489770546508895e-12,1.0,1,1
1496,3.569680586679169e-07,0.9999996423721313,1,1
1497,0.9998600482940674,0.0001399301108904183,0,0
1498,0.00031459928140975535,0.9996854066848755,1,1
1499,0.8784645199775696,0.12153542786836624,0,0
1500,0.37190571427345276,0.6280942559242249,1,1
1501,1.2022628652630374e-06,0.9999988079071045,1,1
1502,0.9999868869781494,1.3083027624816168e-05,0,0
1503,0.8734409213066101,0.1265590786933899,0,0
1504,1.0,8.464223100190793e-09,0,0
1505,0.9999818801879883,1.8078195353155024e-05,0,0
1506,0.27160924673080444,0.7283907532691956,1,0
1507,0.9999856948852539,1.4322403330879752e-05,0,0
1508,5.273645062309207e-11,1.0,1,1
1509,3.1344593587334657e-10,1.0,1,1
1510,0.9641419649124146,0.03585803881287575,0,0
1511,6.643153756158426e-05,0.9999336004257202,1,1
1512,0.00045484499423764646,0.999545156955719,1,1
1513,1.3127809386434541e-12,1.0,1,1
1514,0.9774131178855896,0.022586829960346222,0,0
1515,0.7835927605628967,0.21640725433826447,0,1
1516,0.5277988910675049,0.47220101952552795,0,1
1517,0.9913809895515442,0.008619030937552452,0,0
1518,0.9888699054718018,0.011130081489682198,0,0
1519,0.5260671377182007,0.4739328622817993,0,0
1520,4.249753615681584e-08,1.0,1,1
1521,1.0,1.0830609742384922e-09,0,0
1522,0.9986611604690552,0.001338781788945198,0,0
1523,0.9999991655349731,8.677103551235632e-07,0,0
1524,0.9998465776443481,0.00015340755635406822,0,0
1525,1.0,6.099292737538065e-10,0,0
1526,1.2488629574924914e-10,1.0,1,1
1527,0.0014387776609510183,0.9985612034797668,1,1
1528,0.9999780654907227,2.191575367760379e-05,0,0
1529,3.63089543498063e-06,0.9999964237213135,1,1
1530,0.9999996423721313,3.7501087035707314e-07,0,0
1531,1.0976629027936724e-06,0.999998927116394,1,1
1532,1.0,3.227808916417968e-13,0,0
1533,0.9993083477020264,0.0006916648126207292,0,0
1534,0.9999929666519165,7.0250703174679074e-06,0,0
1535,1.6639184333751972e-13,1.0,1,1
1536,0.9999995231628418,4.375507387521793e-07,0,0
1537,0.02636674791574478,0.9736332297325134,1,0
1538,1.0,1.575256192154484e-08,0,0
1539,0.12575718760490417,0.8742427825927734,1,1
1540,0.9999737739562988,2.6206555048702285e-05,0,0
1541,0.012267271988093853,0.9877327680587769,1,1
1542,0.9758949875831604,0.0241050086915493,0,0
1543,4.697534583542051e-10,1.0,1,1
1544,0.9999997615814209,2.448854559133906e-07,0,0
1545,2.028149512483396e-13,1.0,1,1
1546,0.0023052566684782505,0.9976946711540222,1,1
1547,1.0,1.283394336713383e-14,0,0
1548,1.0,4.6339465598066454e-08,0,0
1549,1.0,8.076613822183276e-10,0,0
1550,4.328846742868153e-12,1.0,1,1
1551,1.0,4.964563865393493e-15,0,0
1552,9.614017471903935e-05,0.9999037981033325,1,1
1553,0.9999984502792358,1.5642134485460701e-06,0,0
1554,0.0001230405759997666,0.9998769760131836,1,1
1555,0.9999992847442627,7.096393233041454e-07,0,0
1556,0.9971573352813721,0.0028426162898540497,0,0
1557,0.9999997615814209,2.4009602839214494e-07,0,0
1558,0.009455978870391846,0.9905439615249634,1,1
1559,1.0,4.5622991495797294e-10,0,0
1560,1.0,2.9138461088429324e-10,0,0
1561,0.9998809099197388,0.00011912010086234659,0,0
1562,0.9999973773956299,2.580046384537127e-06,0,0
1563,2.9619309227513213e-09,1.0,1,1
1564,9.345511696326816e-14,1.0,1,1
1565,0.012235591188073158,0.9877644181251526,1,1
1566,0.9999409914016724,5.9018348110839725e-05,0,0
1567,1.0,1.8177442884237394e-09,0,0
1568,0.9996129870414734,0.00038703717291355133,0,0
1569,0.9997473359107971,0.0002526119351387024,0,0
1570,0.0024951763916760683,0.9975048899650574,1,1
1571,1.263220861247305e-09,1.0,1,1
1572,0.0008331433637067676,0.9991668462753296,1,1
1573,2.5093311705859378e-05,0.9999748468399048,1,1
1574,1.4942727943889622e-08,1.0,1,1
1575,5.646300267614368e-12,1.0,1,1
1576,1.0,6.693446491512489e-11,0,0
1577,9.091337415156886e-05,0.9999090433120728,1,1
1578,1.0,1.2251739178736898e-08,0,0
1579,0.005422075744718313,0.9945778846740723,1,1
1580,1.0,1.8062062262513834e-11,0,0
1581,1.1307818681416393e-08,1.0,1,1
1582,0.41965895891189575,0.5803410410881042,1,1
1583,0.3977104127407074,0.602289617061615,1,0
1584,0.9999927282333374,7.307347459573066e-06,0,0
1585,0.0015179053880274296,0.9984821677207947,1,1
1586,1.0,1.347713052268773e-10,0,0
1587,1.0,5.3840089719869866e-08,0,0
1588,0.25947943329811096,0.7405205368995667,1,1
1589,0.9999945163726807,5.536100616154727e-06,0,0
1590,1.0018763162839006e-12,1.0,1,1
1591,1.2803718618670246e-07,0.9999998807907104,1,1
1592,1.0,9.029939788596686e-16,0,0
1593,0.013238435611128807,0.9867615699768066,1,1
1594,6.624806701438501e-05,0.9999337196350098,1,1
1595,0.9999998807907104,6.41021387082219e-08,0,0
1596,0.9999905824661255,9.392208994540852e-06,0,0
1597,0.9999992847442627,7.098450964804215e-07,0,0
1598,2.364181028724488e-07,0.9999997615814209,1,1
1599,0.9998177886009216,0.0001822690828703344,0,0
1600,7.385037893714586e-12,1.0,1,1
1601,3.1581365078636736e-08,1.0,1,1
1602,1.0,7.036902392168129e-15,0,0
1603,0.9999920129776001,7.981702765391674e-06,0,0
1604,1.0,6.306744709805301e-11,0,0
1605,3.0354735391924237e-10,1.0,1,1
1606,5.572355910032911e-10,1.0,1,1
1607,3.943602822770176e-12,1.0,1,1
1608,0.004460242111235857,0.9955397248268127,1,1
1609,1.0,3.877460841295033e-08,0,0
1610,3.0852310723555876e-12,1.0,1,1
1611,0.0011957472888752818,0.9988042116165161,1,1
1612,2.3160241779951463e-10,1.0,1,1
1613,0.994387686252594,0.005612305831164122,0,0
1614,6.6668388853941e-07,0.9999992847442627,1,1
1615,5.793946183985099e-05,0.9999420642852783,1,1
1616,0.00473302835598588,0.9952670335769653,1,1
1617,0.9845832586288452,0.015416777692735195,0,0
1618,2.0682842659880407e-05,0.9999792575836182,1,1
1619,8.497929194096338e-14,1.0,1,1
1620,1.0,5.4314757136353364e-08,0,0
1621,0.9999635219573975,3.643820673460141e-05,0,0
1622,1.367004106609952e-16,1.0,1,1
1623,3.018309371327632e-06,0.9999970197677612,1,1
1624,0.5404000282287598,0.4596000015735626,0,1
1625,1.0,2.2893791307154743e-09,0,0
1626,5.768862720856305e-09,1.0,1,1
1627,0.0006870371871627867,0.9993129968643188,1,1
1628,3.416640970144158e-09,1.0,1,1
1629,0.9999973773956299,2.6586906187731074e-06,0,0
1630,1.5621076654426247e-10,1.0,1,1
1631,3.43795218213927e-05,0.9999656677246094,1,1
1632,0.9854632616043091,0.014536768198013306,0,0
1633,0.7793676257133484,0.2206323891878128,0,0
1634,3.889975093342851e-14,1.0,1,1
1635,2.6265889463417125e-09,1.0,1,1
1636,0.00016439914179500192,0.9998356103897095,1,1
1637,0.00022012583212926984,0.9997798800468445,1,1
1638,0.9671761393547058,0.0328238271176815,0,1
1639,0.9946298599243164,0.005370089318603277,0,0
1640,4.011219389412832e-15,1.0,1,1
1641,0.9929487705230713,0.007051180582493544,0,0
1642,0.0026845221873372793,0.9973154664039612,1,0
1643,0.9984285235404968,0.0015714046312496066,0,1
1644,0.004915541037917137,0.9950844645500183,1,0
1645,1.0,3.3434502388907106e-10,0,0
1646,0.0037279357202351093,0.996272087097168,1,1
1647,1.044550231199537e-06,0.999998927116394,1,1
1648,5.740886308558402e-07,0.9999994039535522,1,0
1649,1.7628899513510987e-05,0.9999823570251465,1,1
1650,1.0,2.3124356596238016e-10,0,1
1651,0.8698664307594299,0.13013364374637604,0,1
1652,0.01243665162473917,0.9875633716583252,1,1
1653,0.5466185808181763,0.45338138937950134,0,0
1654,0.36574190855026245,0.6342580318450928,1,1
1655,0.45550471544265747,0.5444952249526978,1,0
1656,0.015245986171066761,0.9847539663314819,1,1
1657,0.0018622278003022075,0.9981377124786377,1,1
1658,0.5135406851768494,0.48645928502082825,0,0
1659,0.978179931640625,0.021820107474923134,0,0
1660,0.2971453368663788,0.7028546333312988,1,0
1661,0.08904342353343964,0.9109565615653992,1,1
1662,0.09608222544193268,0.9039177298545837,1,1
1663,0.9999432563781738,5.678090383298695e-05,0,0
1664,0.5365580320358276,0.46344196796417236,0,0
1665,0.07659175246953964,0.9234082698822021,1,1
1666,0.9371975660324097,0.06280245631933212,0,0
1667,0.9999887943267822,1.1164571333210915e-05,0,0
1668,6.311708602879662e-06,0.9999936819076538,1,1
1669,0.7588222026824951,0.24117779731750488,0,1
1670,1.0,1.9385140159755565e-09,0,0
1671,0.00497293658554554,0.9950271248817444,1,1
1672,0.9999994039535522,5.878742399545445e-07,0,0
1673,0.9999974966049194,2.4955829758255277e-06,0,0
1674,0.001275256392545998,0.9987247586250305,1,1
1675,0.13319031894207,0.8668096661567688,1,1
1676,0.0006116127478890121,0.9993883371353149,1,1
1677,3.6709244000121544e-07,0.9999996423721313,1,1
1678,0.9998199343681335,0.00018007314065471292,0,0
1679,1.0,2.0256706034782468e-10,0,0
1680,1.0,8.945318374919964e-10,0,0
1681,0.0015069664223119617,0.9984930753707886,1,1
1682,1.4968136730075798e-09,1.0,1,1
1683,0.002046185312792659,0.9979537725448608,1,1
1684,6.56899032946967e-08,0.9999998807907104,1,1
1685,1.0,1.8586277406029694e-08,0,0
1686,0.9844949841499329,0.015504993498325348,0,0
1687,0.9998444318771362,0.00015550297393929213,0,0
1688,0.9999669790267944,3.298207593616098e-05,0,0
1689,1.0,2.9695815251251645e-11,0,0
1690,1.0,3.791188163404513e-08,0,0
1691,1.0,1.3257139830358255e-09,0,0
1692,0.6170233488082886,0.3829766511917114,0,0
1693,0.9999939203262329,6.108185971243074e-06,0,0
1694,0.00011093164357589558,0.9998890161514282,1,1
1695,4.626158442988526e-06,0.9999953508377075,1,1
1696,0.016914470121264458,0.983085572719574,1,1
1697,1.0,4.519379662171197e-12,0,0
1698,0.000454999360954389,0.9995449185371399,1,1
1699,0.9987602233886719,0.0012398024555295706,0,0
1700,6.236484477994964e-05,0.9999376535415649,1,1
1701,1.6134527741629157e-11,1.0,1,1
1702,1.0,7.457189976200346e-14,0,0
1703,1.0,1.2977811100073344e-12,0,0
1704,0.999679684638977,0.00032036518678069115,0,0
1705,0.21742664277553558,0.7825733423233032,1,0
1706,0.9999966621398926,3.3591929877729854e-06,0,0
1707,0.9999094009399414,9.06465866137296e-05,0,0
1708,0.9043248891830444,0.09567514061927795,0,1
1709,0.000724396260920912,0.9992756247520447,1,1
1710,0.14477266371250153,0.8552273511886597,1,0
1711,0.00017473734624218196,0.9998252987861633,1,1
1712,0.0641639456152916,0.9358360767364502,1,1
1713,0.0016164559638127685,0.9983835220336914,1,1
1714,0.9999898672103882,1.0106523404829204e-05,0,0
1715,7.47780644049916e-16,1.0,1,1
1716,0.13555561006069183,0.864444375038147,1,1
1717,0.860823392868042,0.139176607131958,0,0
1718,0.9999847412109375,1.5236510989780072e-05,0,0
1719,0.3597458302974701,0.6402540802955627,1,0
1720,0.05244726687669754,0.9475528001785278,1,1
1721,0.999988317489624,1.1718231689883396e-05,0,0
1722,0.9980277419090271,0.001972255762666464,0,0
1723,0.999948263168335,5.172308738110587e-05,0,0
1724,0.9993017911911011,0.000698211370036006,0,0
1725,0.9998291730880737,0.0001707699993858114,0,0
1726,1.0435685453558108e-06,0.999998927116394,1,1
1727,8.532009587725042e-07,0.9999991655349731,1,1
1728,0.9999971389770508,2.8521567401185166e-06,0,0
1729,0.0160104688256979,0.9839895367622375,1,1
1730,1.0,1.2250224272480903e-11,0,0
1731,0.00460151256993413,0.9953984618186951,1,1
1732,0.620944082736969,0.3790559768676758,0,0
1733,1.0,6.924503331839915e-11,0,0
1734,0.9990297555923462,0.0009702551760710776,0,0
1735,5.043473905175233e-08,1.0,1,1
1736,0.0059938374906778336,0.9940061569213867,1,0
1737,0.9998581409454346,0.00014184173778630793,0,0
1738,0.9999144077301025,8.5617954027839e-05,0,0
1739,0.012181364931166172,0.9878185987472534,1,1
1740,0.9998375177383423,0.00016245097503997386,0,0
1741,0.7567469477653503,0.24325308203697205,0,1
1742,1.0,4.74950256901252e-09,0,0
1743,0.9992803931236267,0.0007196348160505295,0,1
1744,0.9201258420944214,0.07987412810325623,0,0
1745,4.181514318729195e-19,1.0,1,1
1746,0.06585690379142761,0.9341431260108948,1,1
1747,1.0,1.946991179391233e-10,0,0
1748,0.867496132850647,0.13250386714935303,0,0
1749,0.22889335453510284,0.7711066603660583,1,0
1750,1.3634452443511691e-05,0.9999864101409912,1,1
1751,0.99997878074646,2.1260582798277028e-05,0,0
1752,0.14167232811450958,0.8583276867866516,1,1
1753,0.99991774559021,8.221521420637146e-05,0,0
1754,7.079950592014939e-05,0.9999291896820068,1,1
1755,0.9988123178482056,0.0011876417556777596,0,0
1756,0.9999998807907104,1.2464421672575554e-07,0,0
1757,0.9876818060874939,0.012318120338022709,0,0
1758,3.831030426226789e-07,0.9999996423721313,1,1
1759,1.0,6.717390722442082e-14,0,0
1760,0.9703840613365173,0.02961593307554722,0,0
1761,0.9163175821304321,0.08368239551782608,0,0
1762,1.0,1.744442923445888e-10,0,0
1763,2.7170108610891086e-12,1.0,1,1
1764,2.3179873096523806e-05,0.9999768733978271,1,1
1765,5.94624325458426e-05,0.9999405145645142,1,1
1766,0.9999982118606567,1.791568820408429e-06,0,0
1767,0.8862810730934143,0.1137189045548439,0,0
1768,0.9924161434173584,0.007583884987980127,0,0
1769,0.010141070932149887,0.9898589253425598,1,0
1770,0.804336667060852,0.19566334784030914,0,1
1771,0.9960346817970276,0.003965293522924185,0,1
1772,0.9727066159248352,0.027293357998132706,0,1
1773,0.0004299885767977685,0.9995699524879456,1,1
1774,0.21532538533210754,0.7846746444702148,1,1
1775,1.4705679859616794e-05,0.9999853372573853,1,1
1776,0.2610158324241638,0.7389841675758362,1,0
1777,0.23796401917934418,0.7620359659194946,1,1
1778,0.6071681380271912,0.39283186197280884,0,0
1779,0.1244867667555809,0.8755131959915161,1,1
1780,0.852878987789154,0.14712104201316833,0,0
1781,0.010068700648844242,0.9899313449859619,1,1
1782,9.346703677692858e-07,0.9999990463256836,1,1
1783,0.9903125762939453,0.009687451645731926,0,0
1784,1.0,5.2140798345590156e-09,0,0
1785,9.557427765871651e-11,1.0,1,1
1786,0.8783947229385376,0.12160526216030121,0,0
1787,0.9990589022636414,0.0009410742786712945,0,0
1788,0.1903643161058426,0.8096356987953186,1,1
1789,0.5992162227630615,0.4007837474346161,0,0
1790,1.239965627064521e-06,0.9999988079071045,1,1
1791,5.216900717641693e-06,0.9999947547912598,1,1
1792,0.9999926090240479,7.395641205221182e-06,0,0
1793,1.9654726735041095e-09,1.0,1,1
1794,0.015745723620057106,0.9842542409896851,1,1
1795,0.9994408488273621,0.0005591611843556166,0,0
1796,0.9924012422561646,0.007598750293254852,0,0
1797,1.0,3.6116617252446304e-08,0,0
1798,3.19122506198255e-10,1.0,1,1
1799,1.0,2.2363604024189243e-11,0,0
1800,5.628004146274179e-05,0.999943733215332,1,1
1801,1.2618521337283383e-18,1.0,1,1
1802,0.9999980926513672,1.8845097429220914e-06,0,0
1803,0.9999997615814209,1.9564025421914266e-07,0,0
1804,0.9999804496765137,1.9546974726836197e-05,0,0
1805,2.2386159592713284e-09,1.0,1,1
1806,4.1606555006845625e-11,1.0,1,1
1807,3.6510897416519583e-07,0.9999996423721313,1,1
1808,0.00158875051420182,0.9984111785888672,1,1
1809,0.31502625346183777,0.6849737763404846,1,0
1810,1.5658548847963515e-17,1.0,1,1
1811,8.308865401263077e-11,1.0,1,1
1812,9.539647717604627e-12,1.0,1,1
1813,0.9999362230300903,6.375942029990256e-05,0,0
1814,7.310853700204234e-09,1.0,1,1
1815,0.003553863149136305,0.9964461922645569,1,1
1816,3.646490664976909e-09,1.0,1,1
1817,0.996934175491333,0.0030658235773444176,0,0
1818,3.536116253144428e-07,0.9999996423721313,1,1
1819,4.5391825714835576e-11,1.0,1,1
1820,0.9996391534805298,0.0003608214610721916,0,0
1821,0.9998424053192139,0.00015762825205456465,0,0
1822,1.2503848623168778e-08,1.0,1,1
1823,2.0830158431461854e-10,1.0,1,1
1824,0.0039815534837543964,0.9960184693336487,1,1
1825,1.0,2.246810931749721e-10,0,0
1826,8.727305716212802e-14,1.0,1,1
1827,2.7926224888119577e-08,1.0,1,1
1828,1.0725416458830586e-13,1.0,1,1
1829,1.0,4.149123356000928e-08,0,0
1830,7.464337307971913e-13,1.0,1,1
1831,1.7094940574224893e-08,1.0,1,1
1832,1.0,8.46266026005571e-12,0,0
1833,1.0,2.1176189599590722e-14,0,0
1834,2.452940454922281e-11,1.0,1,1
1835,3.813417984166456e-11,1.0,1,1
1836,1.4500310498988256e-05,0.9999854564666748,1,1
1837,5.131602781593969e-11,1.0,1,1
1838,1.5483815618555496e-11,1.0,1,1
1839,0.9999998807907104,1.1074102701513766e-07,0,0
1840,6.498236325569451e-05,0.9999350309371948,1,1
1841,0.9682146906852722,0.03178531304001808,0,0
1842,0.9999998807907104,8.414873065021311e-08,0,0
1843,0.0019671537447720766,0.9980328679084778,1,1
1844,0.9902330636978149,0.009766973555088043,0,0
1845,0.9995970129966736,0.000403019308578223,0,0
1846,2.3317916486575996e-09,1.0,1,1
1847,7.160070869538515e-10,1.0,1,1
1848,1.0,1.5802681385679307e-10,0,0
1849,3.569340512038629e-15,1.0,1,1
1850,8.859821537043899e-05,0.9999114274978638,1,1
1851,0.26211172342300415,0.7378883361816406,1,1
1852,0.00016104380483739078,0.9998389482498169,1,1
1853,0.9954732060432434,0.004526766017079353,0,0
1854,4.703688305551009e-16,1.0,1,1
1855,1.0,2.4999016190463408e-09,0,0
1856,7.794874988531486e-12,1.0,1,1
1857,7.370238017756492e-05,0.9999263286590576,1,1
1858,1.0,1.6852318152071888e-13,0,0
1859,0.9714332818984985,0.02856673114001751,0,0
1860,0.9999998807907104,1.6938409430622414e-07,0,0
1861,4.758939078854281e-14,1.0,1,1
1862,6.036390004737768e-06,0.9999939203262329,1,1
1863,0.991650402545929,0.008349576964974403,0,0
1864,1.0,2.237062313170668e-09,0,0
1865,1.906376098648188e-12,1.0,1,1
1866,1.0,7.915535449320998e-10,0,0
1867,0.9999474287033081,5.26261210325174e-05,0,0
1868,6.219524948392063e-07,0.9999994039535522,1,1
1869,4.1169759157355656e-08,1.0,1,1
1870,0.9999996423721313,3.3254238474000886e-07,0,0
1871,5.149990434105689e-10,1.0,1,1
1872,1.0,4.793790964185973e-08,0,0
1873,0.9999908208847046,9.205315109284129e-06,0,0
1874,3.6938906794459214e-12,1.0,1,1
1875,0.01219898834824562,0.9878010749816895,1,1
1876,0.003189951414242387,0.9968100190162659,1,1
1877,1.5512193840550026e-07,0.9999998807907104,1,1
1878,1.0,3.9228711945504813e-10,0,0
1879,0.9999898672103882,1.011819222185295e-05,0,0
1880,0.9997337460517883,0.00026621378492563963,0,0
1881,1.533979201440161e-07,0.9999998807907104,1,1
1882,8.298033935716376e-05,0.9999170303344727,1,1
1883,3.821217786637021e-10,1.0,1,1
1884,1.9347168311867335e-09,1.0,1,1
1885,0.9999768733978271,2.3128577595343813e-05,0,0
1886,0.9998395442962646,0.0001604126882739365,0,0
1887,0.9999997615814209,1.834254277355285e-07,0,0
1888,0.9999845027923584,1.553654692543205e-05,0,0
1889,0.9998512268066406,0.00014880584785714746,0,0
1890,0.6847030520439148,0.3152969479560852,0,0
1891,0.9999997615814209,2.3288778550067946e-07,0,0
1892,1.0,5.28236565600082e-10,0,0
1893,0.954640805721283,0.04535922780632973,0,0
1894,2.9971502954140306e-05,0.9999700784683228,1,1
1895,2.0896720798191382e-07,0.9999997615814209,1,1
1896,1.5206545332831223e-13,1.0,1,1
1897,0.9999983310699463,1.6107298961287597e-06,0,0
1898,1.0265795158392876e-10,1.0,1,1
1899,0.999997615814209,2.416104962321697e-06,0,0
1900,8.66824390044485e-11,1.0,1,1
1901,6.641696614906323e-08,0.9999998807907104,1,1
1902,0.9984840750694275,0.00151600013487041,0,0
1903,1.0,2.1672274641559852e-08,0,0
1904,0.9999732971191406,2.664407656993717e-05,0,0
1905,1.0,2.086541575234196e-15,0,0
1906,0.9999992847442627,7.42725319469173e-07,0,0
1907,0.9800668954849243,0.01993308775126934,0,0
1908,6.352245812690782e-11,1.0,1,1
1909,6.036008198861964e-05,0.9999396800994873,1,1
1910,1.0,1.6420651297033295e-11,0,0
1911,1.3955041447768785e-15,1.0,1,1
1912,2.9599270083557894e-12,1.0,1,1
1913,1.5139752784776306e-09,1.0,1,1
1914,0.9999955892562866,4.380327482067514e-06,0,0
1915,1.8353631503487122e-08,1.0,1,1
1916,0.0003057410067413002,0.9996942281723022,1,1
1917,1.0,4.247247442634716e-09,0,0
1918,0.9999985694885254,1.4612118093282334e-06,0,0
1919,1.0,7.898854903487518e-10,0,0
1920,4.319040784739325e-12,1.0,1,1
1921,0.9999450445175171,5.499390317709185e-05,0,0
1922,1.0,7.059048836197701e-17,0,0
1923,0.9999254941940308,7.455843297066167e-05,0,0
1924,0.9999901056289673,9.863017112365924e-06,0,0
1925,0.9953212141990662,0.004678779281675816,0,0
1926,1.5772816368553322e-06,0.9999984502792358,1,1
1927,1.095287075258966e-06,0.999998927116394,1,1
1928,0.9995793700218201,0.00042057677637785673,0,0
1929,2.9056859627001486e-15,1.0,1,1
1930,1.0,6.08898511039041e-13,0,0
1931,1.1458411819376124e-07,0.9999998807907104,1,1
1932,1.0,5.180119000414152e-09,0,0
1933,1.0,1.5358308375068574e-11,0,0
1934,1.0,1.948820216313152e-09,0,0
1935,5.395456937200044e-17,1.0,1,1
1936,0.993877112865448,0.006122947204858065,0,0
1937,1.0,1.6231085919748978e-10,0,0
1938,1.0,1.5948151816085748e-13,0,0
1939,2.7432264833727842e-14,1.0,1,1
1940,0.9997875094413757,0.0002125614118995145,0,0
1941,5.357561894925311e-05,0.9999464750289917,1,1
1942,1.0,2.483436546685258e-11,0,0
1943,0.00028742128051817417,0.9997125267982483,1,1
1944,1.0,2.7153570503202218e-09,0,0
1945,0.29340583086013794,0.7065941691398621,1,1
1946,3.805442474913434e-06,0.9999961853027344,1,1
1947,0.9999651908874512,3.484711851342581e-05,0,0
1948,0.9999998807907104,7.777232013950197e-08,0,0
1949,1.0,8.056777467402298e-11,0,0
1950,0.00015948541113175452,0.999840497970581,1,1
1951,0.9999994039535522,5.490649073180975e-07,0,0
1952,8.298627456892309e-20,1.0,1,1
1953,1.0,1.563131460206868e-12,0,0
1954,5.422808469629503e-13,1.0,1,1
1955,0.9996813535690308,0.00031867940560914576,0,0
1956,1.0,5.762563603378679e-12,0,0
1957,0.9999995231628418,4.876941375187016e-07,0,0
1958,3.89333400588332e-12,1.0,1,1
1959,0.9992577433586121,0.0007422902854159474,0,0
1960,0.10958398878574371,0.8904159665107727,1,0
1961,1.0,2.212376983001807e-11,0,0
1962,0.9988730549812317,0.0011269710958003998,0,0
1963,1.1946112155047928e-10,1.0,1,1
1964,6.657747131377789e-10,1.0,1,1
1965,0.007787710055708885,0.9922122955322266,1,1
1966,1.0,9.148062751762609e-09,0,0
1967,1.0,1.5783193757331721e-21,0,0
1968,1.0,9.602082122541119e-19,0,0
1969,1.0,1.846606469936235e-23,0,0
1970,0.0012602751376107335,0.9987397789955139,1,1
1971,0.02800297550857067,0.9719969630241394,1,1
1972,4.205141790336597e-11,1.0,1,1
1973,1.2529476067779655e-10,1.0,1,1
1974,3.29731122405974e-08,1.0,1,1
1975,1.443451715305629e-14,1.0,1,1
1976,1.0,3.869078605256955e-29,0,0
1977,0.5568279027938843,0.4431720972061157,0,1
1978,1.0,2.9013358555929347e-13,0,0
1979,1.650898440175297e-08,1.0,1,1
1980,0.12474171072244644,0.8752582669258118,1,0
1981,0.017430223524570465,0.9825698137283325,1,1
1982,3.07978183400337e-07,0.9999996423721313,1,1
1983,1.0,1.0475148719146477e-31,0,0
1984,1.0,2.6084170499437326e-16,0,0
1985,0.966661810874939,0.033338140696287155,0,1
1986,0.0076268017292022705,0.9923731684684753,1,0
1987,1.0,6.018726014404624e-16,0,0
1988,7.66732597412556e-08,0.9999998807907104,1,1
1989,1.0,4.056202422553223e-12,0,0
1990,0.003481488209217787,0.9965184926986694,1,1
1991,0.7275478839874268,0.27245211601257324,0,1
1992,0.9999942779541016,5.763999070040882e-06,0,0
1993,0.1840279996395111,0.8159719705581665,1,1
1994,1.1516725653554335e-17,1.0,1,1
1995,0.9958792924880981,0.004120750352740288,0,0
1996,1.0,7.024585448912879e-13,0,0
1997,0.9992232322692871,0.0007767166243866086,0,0
1998,7.865212387631049e-13,1.0,1,1
1999,1.0,2.976615807136207e-13,0,0
